date,timestamp,country,country_code,search_term,interest
"Aug 29 – Sep 4, 2021",1630195200,Chile,CL,Netflix,73
"Sep 5 – 11, 2021",1630800000,Chile,CL,Netflix,71
"Sep 12 – 18, 2021",1631404800,Chile,CL,Netflix,84
"Sep 19 – 25, 2021",1632009600,Chile,CL,Netflix,88
"Sep 26 – Oct 2, 2021",1632614400,Chile,CL,Netflix,84
"Oct 3 – 9, 2021",1633219200,Chile,CL,Netflix,71
"Oct 10 – 16, 2021",1633824000,Chile,CL,Netflix,76
"Oct 17 – 23, 2021",1634428800,Chile,CL,Netflix,71
"Oct 24 – 30, 2021",1635033600,Chile,CL,Netflix,69
"Oct 31 – Nov 6, 2021",1635638400,Chile,CL,Netflix,78
"Nov 7 – 13, 2021",1636243200,Chile,CL,Netflix,72
"Nov 14 – 20, 2021",1636848000,Chile,CL,Netflix,62
"Nov 21 – 27, 2021",1637452800,Chile,CL,Netflix,67
"Nov 28 – Dec 4, 2021",1638057600,Chile,CL,Netflix,62
"Dec 5 – 11, 2021",1638662400,Chile,CL,Netflix,66
"Dec 12 – 18, 2021",1639267200,Chile,CL,Netflix,65
"Dec 19 – 25, 2021",1639872000,Chile,CL,Netflix,68
"Dec 26, 2021 – Jan 1, 2022",1640476800,Chile,CL,Netflix,85
"Jan 2 – 8, 2022",1641081600,Chile,CL,Netflix,100
"Jan 9 – 15, 2022",1641686400,Chile,CL,Netflix,87
"Jan 16 – 22, 2022",1642291200,Chile,CL,Netflix,90
"Jan 23 – 29, 2022",1642896000,Chile,CL,Netflix,85
"Jan 30 – Feb 5, 2022",1643500800,Chile,CL,Netflix,93
"Feb 6 – 12, 2022",1644105600,Chile,CL,Netflix,95
"Feb 13 – 19, 2022",1644710400,Chile,CL,Netflix,90
"Feb 20 – 26, 2022",1645315200,Chile,CL,Netflix,85
"Feb 27 – Mar 5, 2022",1645920000,Chile,CL,Netflix,78
"Mar 6 – 12, 2022",1646524800,Chile,CL,Netflix,77
"Mar 13 – 19, 2022",1647129600,Chile,CL,Netflix,79
"Mar 20 – 26, 2022",1647734400,Chile,CL,Netflix,69
"Mar 27 – Apr 2, 2022",1648339200,Chile,CL,Netflix,70
"Apr 3 – 9, 2022",1648944000,Chile,CL,Netflix,67
"Apr 10 – 16, 2022",1649548800,Chile,CL,Netflix,80
"Apr 17 – 23, 2022",1650153600,Chile,CL,Netflix,75
"Apr 24 – 30, 2022",1650758400,Chile,CL,Netflix,82
"May 1 – 7, 2022",1651363200,Chile,CL,Netflix,75
"May 8 – 14, 2022",1651968000,Chile,CL,Netflix,80
"May 15 – 21, 2022",1652572800,Chile,CL,Netflix,82
"May 22 – 28, 2022",1653177600,Chile,CL,Netflix,84
"May 29 – Jun 4, 2022",1653782400,Chile,CL,Netflix,78
"Jun 5 – 11, 2022",1654387200,Chile,CL,Netflix,82
"Jun 12 – 18, 2022",1654992000,Chile,CL,Netflix,79
"Jun 19 – 25, 2022",1655596800,Chile,CL,Netflix,91
"Jun 26 – Jul 2, 2022",1656201600,Chile,CL,Netflix,95
"Jul 3 – 9, 2022",1656806400,Chile,CL,Netflix,92
"Jul 10 – 16, 2022",1657411200,Chile,CL,Netflix,92
"Jul 17 – 23, 2022",1658016000,Chile,CL,Netflix,98
"Jul 24 – 30, 2022",1658620800,Chile,CL,Netflix,82
"Jul 31 – Aug 6, 2022",1659225600,Chile,CL,Netflix,80
"Aug 7 – 13, 2022",1659830400,Chile,CL,Netflix,78
"Aug 14 – 20, 2022",1660435200,Chile,CL,Netflix,91
"Aug 21 – 27, 2022",1661040000,Chile,CL,Netflix,72
"Aug 28 – Sep 3, 2022",1661644800,Chile,CL,Netflix,70
"Sep 4 – 10, 2022",1662249600,Chile,CL,Netflix,67
"Sep 11 – 17, 2022",1662854400,Chile,CL,Netflix,78
"Sep 18 – 24, 2022",1663459200,Chile,CL,Netflix,93
"Sep 25 – Oct 1, 2022",1664064000,Chile,CL,Netflix,80
"Oct 2 – 8, 2022",1664668800,Chile,CL,Netflix,74
"Oct 9 – 15, 2022",1665273600,Chile,CL,Netflix,83
"Oct 16 – 22, 2022",1665878400,Chile,CL,Netflix,77
"Oct 23 – 29, 2022",1666483200,Chile,CL,Netflix,72
"Oct 30 – Nov 5, 2022",1667088000,Chile,CL,Netflix,85
"Nov 6 – 12, 2022",1667692800,Chile,CL,Netflix,67
"Nov 13 – 19, 2022",1668297600,Chile,CL,Netflix,68
"Nov 20 – 26, 2022",1668902400,Chile,CL,Netflix,64
"Nov 27 – Dec 3, 2022",1669507200,Chile,CL,Netflix,71
"Dec 4 – 10, 2022",1670112000,Chile,CL,Netflix,76
"Dec 11 – 17, 2022",1670716800,Chile,CL,Netflix,72
"Dec 18 – 24, 2022",1671321600,Chile,CL,Netflix,71
"Dec 25 – 31, 2022",1671926400,Chile,CL,Netflix,78
"Jan 1 – 7, 2023",1672531200,Chile,CL,Netflix,90
"Jan 8 – 14, 2023",1673136000,Chile,CL,Netflix,85
"Jan 15 – 21, 2023",1673740800,Chile,CL,Netflix,77
"Jan 22 – 28, 2023",1674345600,Chile,CL,Netflix,80
"Jan 29 – Feb 4, 2023",1674950400,Chile,CL,Netflix,80
"Feb 5 – 11, 2023",1675555200,Chile,CL,Netflix,77
"Feb 12 – 18, 2023",1676160000,Chile,CL,Netflix,79
"Feb 19 – 25, 2023",1676764800,Chile,CL,Netflix,66
"Feb 26 – Mar 4, 2023",1677369600,Chile,CL,Netflix,69
"Mar 5 – 11, 2023",1677974400,Chile,CL,Netflix,63
"Mar 12 – 18, 2023",1678579200,Chile,CL,Netflix,61
"Mar 19 – 25, 2023",1679184000,Chile,CL,Netflix,63
"Mar 26 – Apr 1, 2023",1679788800,Chile,CL,Netflix,58
"Apr 2 – 8, 2023",1680393600,Chile,CL,Netflix,63
"Apr 9 – 15, 2023",1680998400,Chile,CL,Netflix,59
"Apr 16 – 22, 2023",1681603200,Chile,CL,Netflix,62
"Apr 23 – 29, 2023",1682208000,Chile,CL,Netflix,65
"Apr 30 – May 6, 2023",1682812800,Chile,CL,Netflix,72
"May 7 – 13, 2023",1683417600,Chile,CL,Netflix,60
"May 14 – 20, 2023",1684022400,Chile,CL,Netflix,69
"May 21 – 27, 2023",1684627200,Chile,CL,Netflix,73
"May 28 – Jun 3, 2023",1685232000,Chile,CL,Netflix,63
"Jun 4 – 10, 2023",1685836800,Chile,CL,Netflix,66
"Jun 11 – 17, 2023",1686441600,Chile,CL,Netflix,68
"Jun 18 – 24, 2023",1687046400,Chile,CL,Netflix,80
"Jun 25 – Jul 1, 2023",1687651200,Chile,CL,Netflix,78
"Jul 2 – 8, 2023",1688256000,Chile,CL,Netflix,75
"Jul 9 – 15, 2023",1688860800,Chile,CL,Netflix,75
"Jul 16 – 22, 2023",1689465600,Chile,CL,Netflix,67
"Jul 23 – 29, 2023",1690070400,Chile,CL,Netflix,65
"Jul 30 – Aug 5, 2023",1690675200,Chile,CL,Netflix,62
"Aug 6 – 12, 2023",1691280000,Chile,CL,Netflix,60
"Aug 13 – 19, 2023",1691884800,Chile,CL,Netflix,71
"Aug 20 – 26, 2023",1692489600,Chile,CL,Netflix,65
"Aug 27 – Sep 2, 2023",1693094400,Chile,CL,Netflix,64
"Sep 3 – 9, 2023",1693699200,Chile,CL,Netflix,65
"Sep 10 – 16, 2023",1694304000,Chile,CL,Netflix,63
"Sep 17 – 23, 2023",1694908800,Chile,CL,Netflix,86
"Sep 24 – 30, 2023",1695513600,Chile,CL,Netflix,65
"Oct 1 – 7, 2023",1696118400,Chile,CL,Netflix,56
"Oct 8 – 14, 2023",1696723200,Chile,CL,Netflix,63
"Oct 15 – 21, 2023",1697328000,Chile,CL,Netflix,58
"Oct 22 – 28, 2023",1697932800,Chile,CL,Netflix,61
"Oct 29 – Nov 4, 2023",1698537600,Chile,CL,Netflix,61
"Nov 5 – 11, 2023",1699142400,Chile,CL,Netflix,54
"Nov 12 – 18, 2023",1699747200,Chile,CL,Netflix,53
"Nov 19 – 25, 2023",1700352000,Chile,CL,Netflix,51
"Nov 26 – Dec 2, 2023",1700956800,Chile,CL,Netflix,58
"Dec 3 – 9, 2023",1701561600,Chile,CL,Netflix,64
"Dec 10 – 16, 2023",1702166400,Chile,CL,Netflix,74
"Dec 17 – 23, 2023",1702771200,Chile,CL,Netflix,63
"Dec 24 – 30, 2023",1703376000,Chile,CL,Netflix,72
"Dec 31, 2023 – Jan 6, 2024",1703980800,Chile,CL,Netflix,79
"Aug 29 – Sep 4, 2021",1630195200,Chile,CL,cancel Netflix,0
"Sep 5 – 11, 2021",1630800000,Chile,CL,cancel Netflix,0
"Sep 12 – 18, 2021",1631404800,Chile,CL,cancel Netflix,0
"Sep 19 – 25, 2021",1632009600,Chile,CL,cancel Netflix,0
"Sep 26 – Oct 2, 2021",1632614400,Chile,CL,cancel Netflix,0
"Oct 3 – 9, 2021",1633219200,Chile,CL,cancel Netflix,0
"Oct 10 – 16, 2021",1633824000,Chile,CL,cancel Netflix,0
"Oct 17 – 23, 2021",1634428800,Chile,CL,cancel Netflix,0
"Oct 24 – 30, 2021",1635033600,Chile,CL,cancel Netflix,0
"Oct 31 – Nov 6, 2021",1635638400,Chile,CL,cancel Netflix,0
"Nov 7 – 13, 2021",1636243200,Chile,CL,cancel Netflix,0
"Nov 14 – 20, 2021",1636848000,Chile,CL,cancel Netflix,0
"Nov 21 – 27, 2021",1637452800,Chile,CL,cancel Netflix,0
"Nov 28 – Dec 4, 2021",1638057600,Chile,CL,cancel Netflix,0
"Dec 5 – 11, 2021",1638662400,Chile,CL,cancel Netflix,0
"Dec 12 – 18, 2021",1639267200,Chile,CL,cancel Netflix,0
"Dec 19 – 25, 2021",1639872000,Chile,CL,cancel Netflix,0
"Dec 26, 2021 – Jan 1, 2022",1640476800,Chile,CL,cancel Netflix,0
"Jan 2 – 8, 2022",1641081600,Chile,CL,cancel Netflix,0
"Jan 9 – 15, 2022",1641686400,Chile,CL,cancel Netflix,0
"Jan 16 – 22, 2022",1642291200,Chile,CL,cancel Netflix,0
"Jan 23 – 29, 2022",1642896000,Chile,CL,cancel Netflix,0
"Jan 30 – Feb 5, 2022",1643500800,Chile,CL,cancel Netflix,0
"Feb 6 – 12, 2022",1644105600,Chile,CL,cancel Netflix,0
"Feb 13 – 19, 2022",1644710400,Chile,CL,cancel Netflix,0
"Feb 20 – 26, 2022",1645315200,Chile,CL,cancel Netflix,0
"Feb 27 – Mar 5, 2022",1645920000,Chile,CL,cancel Netflix,0
"Mar 6 – 12, 2022",1646524800,Chile,CL,cancel Netflix,0
"Mar 13 – 19, 2022",1647129600,Chile,CL,cancel Netflix,0
"Mar 20 – 26, 2022",1647734400,Chile,CL,cancel Netflix,0
"Mar 27 – Apr 2, 2022",1648339200,Chile,CL,cancel Netflix,0
"Apr 3 – 9, 2022",1648944000,Chile,CL,cancel Netflix,0
"Apr 10 – 16, 2022",1649548800,Chile,CL,cancel Netflix,0
"Apr 17 – 23, 2022",1650153600,Chile,CL,cancel Netflix,0
"Apr 24 – 30, 2022",1650758400,Chile,CL,cancel Netflix,0
"May 1 – 7, 2022",1651363200,Chile,CL,cancel Netflix,0
"May 8 – 14, 2022",1651968000,Chile,CL,cancel Netflix,0
"May 15 – 21, 2022",1652572800,Chile,CL,cancel Netflix,0
"May 22 – 28, 2022",1653177600,Chile,CL,cancel Netflix,0
"May 29 – Jun 4, 2022",1653782400,Chile,CL,cancel Netflix,0
"Jun 5 – 11, 2022",1654387200,Chile,CL,cancel Netflix,0
"Jun 12 – 18, 2022",1654992000,Chile,CL,cancel Netflix,0
"Jun 19 – 25, 2022",1655596800,Chile,CL,cancel Netflix,0
"Jun 26 – Jul 2, 2022",1656201600,Chile,CL,cancel Netflix,0
"Jul 3 – 9, 2022",1656806400,Chile,CL,cancel Netflix,0
"Jul 10 – 16, 2022",1657411200,Chile,CL,cancel Netflix,0
"Jul 17 – 23, 2022",1658016000,Chile,CL,cancel Netflix,0
"Jul 24 – 30, 2022",1658620800,Chile,CL,cancel Netflix,0
"Jul 31 – Aug 6, 2022",1659225600,Chile,CL,cancel Netflix,0
"Aug 7 – 13, 2022",1659830400,Chile,CL,cancel Netflix,0
"Aug 14 – 20, 2022",1660435200,Chile,CL,cancel Netflix,0
"Aug 21 – 27, 2022",1661040000,Chile,CL,cancel Netflix,0
"Aug 28 – Sep 3, 2022",1661644800,Chile,CL,cancel Netflix,0
"Sep 4 – 10, 2022",1662249600,Chile,CL,cancel Netflix,0
"Sep 11 – 17, 2022",1662854400,Chile,CL,cancel Netflix,0
"Sep 18 – 24, 2022",1663459200,Chile,CL,cancel Netflix,0
"Sep 25 – Oct 1, 2022",1664064000,Chile,CL,cancel Netflix,0
"Oct 2 – 8, 2022",1664668800,Chile,CL,cancel Netflix,0
"Oct 9 – 15, 2022",1665273600,Chile,CL,cancel Netflix,0
"Oct 16 – 22, 2022",1665878400,Chile,CL,cancel Netflix,0
"Oct 23 – 29, 2022",1666483200,Chile,CL,cancel Netflix,0
"Oct 30 – Nov 5, 2022",1667088000,Chile,CL,cancel Netflix,0
"Nov 6 – 12, 2022",1667692800,Chile,CL,cancel Netflix,0
"Nov 13 – 19, 2022",1668297600,Chile,CL,cancel Netflix,0
"Nov 20 – 26, 2022",1668902400,Chile,CL,cancel Netflix,0
"Nov 27 – Dec 3, 2022",1669507200,Chile,CL,cancel Netflix,0
"Dec 4 – 10, 2022",1670112000,Chile,CL,cancel Netflix,0
"Dec 11 – 17, 2022",1670716800,Chile,CL,cancel Netflix,0
"Dec 18 – 24, 2022",1671321600,Chile,CL,cancel Netflix,0
"Dec 25 – 31, 2022",1671926400,Chile,CL,cancel Netflix,0
"Jan 1 – 7, 2023",1672531200,Chile,CL,cancel Netflix,0
"Jan 8 – 14, 2023",1673136000,Chile,CL,cancel Netflix,0
"Jan 15 – 21, 2023",1673740800,Chile,CL,cancel Netflix,0
"Jan 22 – 28, 2023",1674345600,Chile,CL,cancel Netflix,0
"Jan 29 – Feb 4, 2023",1674950400,Chile,CL,cancel Netflix,0
"Feb 5 – 11, 2023",1675555200,Chile,CL,cancel Netflix,0
"Feb 12 – 18, 2023",1676160000,Chile,CL,cancel Netflix,0
"Feb 19 – 25, 2023",1676764800,Chile,CL,cancel Netflix,0
"Feb 26 – Mar 4, 2023",1677369600,Chile,CL,cancel Netflix,0
"Mar 5 – 11, 2023",1677974400,Chile,CL,cancel Netflix,0
"Mar 12 – 18, 2023",1678579200,Chile,CL,cancel Netflix,0
"Mar 19 – 25, 2023",1679184000,Chile,CL,cancel Netflix,0
"Mar 26 – Apr 1, 2023",1679788800,Chile,CL,cancel Netflix,0
"Apr 2 – 8, 2023",1680393600,Chile,CL,cancel Netflix,0
"Apr 9 – 15, 2023",1680998400,Chile,CL,cancel Netflix,0
"Apr 16 – 22, 2023",1681603200,Chile,CL,cancel Netflix,0
"Apr 23 – 29, 2023",1682208000,Chile,CL,cancel Netflix,0
"Apr 30 – May 6, 2023",1682812800,Chile,CL,cancel Netflix,0
"May 7 – 13, 2023",1683417600,Chile,CL,cancel Netflix,0
"May 14 – 20, 2023",1684022400,Chile,CL,cancel Netflix,0
"May 21 – 27, 2023",1684627200,Chile,CL,cancel Netflix,0
"May 28 – Jun 3, 2023",1685232000,Chile,CL,cancel Netflix,0
"Jun 4 – 10, 2023",1685836800,Chile,CL,cancel Netflix,0
"Jun 11 – 17, 2023",1686441600,Chile,CL,cancel Netflix,0
"Jun 18 – 24, 2023",1687046400,Chile,CL,cancel Netflix,0
"Jun 25 – Jul 1, 2023",1687651200,Chile,CL,cancel Netflix,0
"Jul 2 – 8, 2023",1688256000,Chile,CL,cancel Netflix,0
"Jul 9 – 15, 2023",1688860800,Chile,CL,cancel Netflix,0
"Jul 16 – 22, 2023",1689465600,Chile,CL,cancel Netflix,0
"Jul 23 – 29, 2023",1690070400,Chile,CL,cancel Netflix,0
"Jul 30 – Aug 5, 2023",1690675200,Chile,CL,cancel Netflix,0
"Aug 6 – 12, 2023",1691280000,Chile,CL,cancel Netflix,0
"Aug 13 – 19, 2023",1691884800,Chile,CL,cancel Netflix,0
"Aug 20 – 26, 2023",1692489600,Chile,CL,cancel Netflix,0
"Aug 27 – Sep 2, 2023",1693094400,Chile,CL,cancel Netflix,0
"Sep 3 – 9, 2023",1693699200,Chile,CL,cancel Netflix,0
"Sep 10 – 16, 2023",1694304000,Chile,CL,cancel Netflix,0
"Sep 17 – 23, 2023",1694908800,Chile,CL,cancel Netflix,0
"Sep 24 – 30, 2023",1695513600,Chile,CL,cancel Netflix,100
"Oct 1 – 7, 2023",1696118400,Chile,CL,cancel Netflix,0
"Oct 8 – 14, 2023",1696723200,Chile,CL,cancel Netflix,0
"Oct 15 – 21, 2023",1697328000,Chile,CL,cancel Netflix,0
"Oct 22 – 28, 2023",1697932800,Chile,CL,cancel Netflix,0
"Oct 29 – Nov 4, 2023",1698537600,Chile,CL,cancel Netflix,0
"Nov 5 – 11, 2023",1699142400,Chile,CL,cancel Netflix,0
"Nov 12 – 18, 2023",1699747200,Chile,CL,cancel Netflix,0
"Nov 19 – 25, 2023",1700352000,Chile,CL,cancel Netflix,0
"Nov 26 – Dec 2, 2023",1700956800,Chile,CL,cancel Netflix,0
"Dec 3 – 9, 2023",1701561600,Chile,CL,cancel Netflix,0
"Dec 10 – 16, 2023",1702166400,Chile,CL,cancel Netflix,0
"Dec 17 – 23, 2023",1702771200,Chile,CL,cancel Netflix,0
"Dec 24 – 30, 2023",1703376000,Chile,CL,cancel Netflix,0
"Dec 31, 2023 – Jan 6, 2024",1703980800,Chile,CL,cancel Netflix,0
"Aug 29 – Sep 4, 2021",1630195200,Peru,PE,Netflix,73
"Sep 5 – 11, 2021",1630800000,Peru,PE,Netflix,68
"Sep 12 – 18, 2021",1631404800,Peru,PE,Netflix,66
"Sep 19 – 25, 2021",1632009600,Peru,PE,Netflix,77
"Sep 26 – Oct 2, 2021",1632614400,Peru,PE,Netflix,82
"Oct 3 – 9, 2021",1633219200,Peru,PE,Netflix,75
"Oct 10 – 16, 2021",1633824000,Peru,PE,Netflix,76
"Oct 17 – 23, 2021",1634428800,Peru,PE,Netflix,69
"Oct 24 – 30, 2021",1635033600,Peru,PE,Netflix,65
"Oct 31 – Nov 6, 2021",1635638400,Peru,PE,Netflix,75
"Nov 7 – 13, 2021",1636243200,Peru,PE,Netflix,66
"Nov 14 – 20, 2021",1636848000,Peru,PE,Netflix,66
"Nov 21 – 27, 2021",1637452800,Peru,PE,Netflix,65
"Nov 28 – Dec 4, 2021",1638057600,Peru,PE,Netflix,66
"Dec 5 – 11, 2021",1638662400,Peru,PE,Netflix,69
"Dec 12 – 18, 2021",1639267200,Peru,PE,Netflix,65
"Dec 19 – 25, 2021",1639872000,Peru,PE,Netflix,73
"Dec 26, 2021 – Jan 1, 2022",1640476800,Peru,PE,Netflix,91
"Jan 2 – 8, 2022",1641081600,Peru,PE,Netflix,99
"Jan 9 – 15, 2022",1641686400,Peru,PE,Netflix,100
"Jan 16 – 22, 2022",1642291200,Peru,PE,Netflix,86
"Jan 23 – 29, 2022",1642896000,Peru,PE,Netflix,85
"Jan 30 – Feb 5, 2022",1643500800,Peru,PE,Netflix,94
"Feb 6 – 12, 2022",1644105600,Peru,PE,Netflix,92
"Feb 13 – 19, 2022",1644710400,Peru,PE,Netflix,83
"Feb 20 – 26, 2022",1645315200,Peru,PE,Netflix,78
"Feb 27 – Mar 5, 2022",1645920000,Peru,PE,Netflix,76
"Mar 6 – 12, 2022",1646524800,Peru,PE,Netflix,73
"Mar 13 – 19, 2022",1647129600,Peru,PE,Netflix,71
"Mar 20 – 26, 2022",1647734400,Peru,PE,Netflix,61
"Mar 27 – Apr 2, 2022",1648339200,Peru,PE,Netflix,63
"Apr 3 – 9, 2022",1648944000,Peru,PE,Netflix,65
"Apr 10 – 16, 2022",1649548800,Peru,PE,Netflix,79
"Apr 17 – 23, 2022",1650153600,Peru,PE,Netflix,65
"Apr 24 – 30, 2022",1650758400,Peru,PE,Netflix,68
"May 1 – 7, 2022",1651363200,Peru,PE,Netflix,62
"May 8 – 14, 2022",1651968000,Peru,PE,Netflix,64
"May 15 – 21, 2022",1652572800,Peru,PE,Netflix,68
"May 22 – 28, 2022",1653177600,Peru,PE,Netflix,63
"May 29 – Jun 4, 2022",1653782400,Peru,PE,Netflix,62
"Jun 5 – 11, 2022",1654387200,Peru,PE,Netflix,59
"Jun 12 – 18, 2022",1654992000,Peru,PE,Netflix,64
"Jun 19 – 25, 2022",1655596800,Peru,PE,Netflix,63
"Jun 26 – Jul 2, 2022",1656201600,Peru,PE,Netflix,73
"Jul 3 – 9, 2022",1656806400,Peru,PE,Netflix,64
"Jul 10 – 16, 2022",1657411200,Peru,PE,Netflix,66
"Jul 17 – 23, 2022",1658016000,Peru,PE,Netflix,65
"Jul 24 – 30, 2022",1658620800,Peru,PE,Netflix,90
"Jul 31 – Aug 6, 2022",1659225600,Peru,PE,Netflix,79
"Aug 7 – 13, 2022",1659830400,Peru,PE,Netflix,76
"Aug 14 – 20, 2022",1660435200,Peru,PE,Netflix,73
"Aug 21 – 27, 2022",1661040000,Peru,PE,Netflix,69
"Aug 28 – Sep 3, 2022",1661644800,Peru,PE,Netflix,75
"Sep 4 – 10, 2022",1662249600,Peru,PE,Netflix,66
"Sep 11 – 17, 2022",1662854400,Peru,PE,Netflix,62
"Sep 18 – 24, 2022",1663459200,Peru,PE,Netflix,64
"Sep 25 – Oct 1, 2022",1664064000,Peru,PE,Netflix,64
"Oct 2 – 8, 2022",1664668800,Peru,PE,Netflix,68
"Oct 9 – 15, 2022",1665273600,Peru,PE,Netflix,69
"Oct 16 – 22, 2022",1665878400,Peru,PE,Netflix,64
"Oct 23 – 29, 2022",1666483200,Peru,PE,Netflix,61
"Oct 30 – Nov 5, 2022",1667088000,Peru,PE,Netflix,72
"Nov 6 – 12, 2022",1667692800,Peru,PE,Netflix,59
"Nov 13 – 19, 2022",1668297600,Peru,PE,Netflix,58
"Nov 20 – 26, 2022",1668902400,Peru,PE,Netflix,52
"Nov 27 – Dec 3, 2022",1669507200,Peru,PE,Netflix,58
"Dec 4 – 10, 2022",1670112000,Peru,PE,Netflix,64
"Dec 11 – 17, 2022",1670716800,Peru,PE,Netflix,64
"Dec 18 – 24, 2022",1671321600,Peru,PE,Netflix,64
"Dec 25 – 31, 2022",1671926400,Peru,PE,Netflix,86
"Jan 1 – 7, 2023",1672531200,Peru,PE,Netflix,91
"Jan 8 – 14, 2023",1673136000,Peru,PE,Netflix,80
"Jan 15 – 21, 2023",1673740800,Peru,PE,Netflix,79
"Jan 22 – 28, 2023",1674345600,Peru,PE,Netflix,76
"Jan 29 – Feb 4, 2023",1674950400,Peru,PE,Netflix,78
"Feb 5 – 11, 2023",1675555200,Peru,PE,Netflix,75
"Feb 12 – 18, 2023",1676160000,Peru,PE,Netflix,71
"Feb 19 – 25, 2023",1676764800,Peru,PE,Netflix,73
"Feb 26 – Mar 4, 2023",1677369600,Peru,PE,Netflix,67
"Mar 5 – 11, 2023",1677974400,Peru,PE,Netflix,63
"Mar 12 – 18, 2023",1678579200,Peru,PE,Netflix,59
"Mar 19 – 25, 2023",1679184000,Peru,PE,Netflix,54
"Mar 26 – Apr 1, 2023",1679788800,Peru,PE,Netflix,53
"Apr 2 – 8, 2023",1680393600,Peru,PE,Netflix,65
"Apr 9 – 15, 2023",1680998400,Peru,PE,Netflix,52
"Apr 16 – 22, 2023",1681603200,Peru,PE,Netflix,50
"Apr 23 – 29, 2023",1682208000,Peru,PE,Netflix,52
"Apr 30 – May 6, 2023",1682812800,Peru,PE,Netflix,55
"May 7 – 13, 2023",1683417600,Peru,PE,Netflix,50
"May 14 – 20, 2023",1684022400,Peru,PE,Netflix,54
"May 21 – 27, 2023",1684627200,Peru,PE,Netflix,52
"May 28 – Jun 3, 2023",1685232000,Peru,PE,Netflix,51
"Jun 4 – 10, 2023",1685836800,Peru,PE,Netflix,52
"Jun 11 – 17, 2023",1686441600,Peru,PE,Netflix,53
"Jun 18 – 24, 2023",1687046400,Peru,PE,Netflix,55
"Jun 25 – Jul 1, 2023",1687651200,Peru,PE,Netflix,59
"Jul 2 – 8, 2023",1688256000,Peru,PE,Netflix,55
"Jul 9 – 15, 2023",1688860800,Peru,PE,Netflix,54
"Jul 16 – 22, 2023",1689465600,Peru,PE,Netflix,55
"Jul 23 – 29, 2023",1690070400,Peru,PE,Netflix,67
"Jul 30 – Aug 5, 2023",1690675200,Peru,PE,Netflix,67
"Aug 6 – 12, 2023",1691280000,Peru,PE,Netflix,57
"Aug 13 – 19, 2023",1691884800,Peru,PE,Netflix,54
"Aug 20 – 26, 2023",1692489600,Peru,PE,Netflix,56
"Aug 27 – Sep 2, 2023",1693094400,Peru,PE,Netflix,65
"Sep 3 – 9, 2023",1693699200,Peru,PE,Netflix,57
"Sep 10 – 16, 2023",1694304000,Peru,PE,Netflix,53
"Sep 17 – 23, 2023",1694908800,Peru,PE,Netflix,52
"Sep 24 – 30, 2023",1695513600,Peru,PE,Netflix,53
"Oct 1 – 7, 2023",1696118400,Peru,PE,Netflix,55
"Oct 8 – 14, 2023",1696723200,Peru,PE,Netflix,57
"Oct 15 – 21, 2023",1697328000,Peru,PE,Netflix,55
"Oct 22 – 28, 2023",1697932800,Peru,PE,Netflix,53
"Oct 29 – Nov 4, 2023",1698537600,Peru,PE,Netflix,57
"Nov 5 – 11, 2023",1699142400,Peru,PE,Netflix,49
"Nov 12 – 18, 2023",1699747200,Peru,PE,Netflix,50
"Nov 19 – 25, 2023",1700352000,Peru,PE,Netflix,46
"Nov 26 – Dec 2, 2023",1700956800,Peru,PE,Netflix,49
"Dec 3 – 9, 2023",1701561600,Peru,PE,Netflix,58
"Dec 10 – 16, 2023",1702166400,Peru,PE,Netflix,57
"Dec 17 – 23, 2023",1702771200,Peru,PE,Netflix,60
"Dec 24 – 30, 2023",1703376000,Peru,PE,Netflix,78
"Dec 31, 2023 – Jan 6, 2024",1703980800,Peru,PE,Netflix,80
"Aug 29 – Sep 4, 2021",1630195200,Peru,PE,cancel Netflix,0
"Sep 5 – 11, 2021",1630800000,Peru,PE,cancel Netflix,0
"Sep 12 – 18, 2021",1631404800,Peru,PE,cancel Netflix,100
"Sep 19 – 25, 2021",1632009600,Peru,PE,cancel Netflix,0
"Sep 26 – Oct 2, 2021",1632614400,Peru,PE,cancel Netflix,0
"Oct 3 – 9, 2021",1633219200,Peru,PE,cancel Netflix,0
"Oct 10 – 16, 2021",1633824000,Peru,PE,cancel Netflix,0
"Oct 17 – 23, 2021",1634428800,Peru,PE,cancel Netflix,0
"Oct 24 – 30, 2021",1635033600,Peru,PE,cancel Netflix,0
"Oct 31 – Nov 6, 2021",1635638400,Peru,PE,cancel Netflix,0
"Nov 7 – 13, 2021",1636243200,Peru,PE,cancel Netflix,0
"Nov 14 – 20, 2021",1636848000,Peru,PE,cancel Netflix,0
"Nov 21 – 27, 2021",1637452800,Peru,PE,cancel Netflix,0
"Nov 28 – Dec 4, 2021",1638057600,Peru,PE,cancel Netflix,0
"Dec 5 – 11, 2021",1638662400,Peru,PE,cancel Netflix,0
"Dec 12 – 18, 2021",1639267200,Peru,PE,cancel Netflix,0
"Dec 19 – 25, 2021",1639872000,Peru,PE,cancel Netflix,0
"Dec 26, 2021 – Jan 1, 2022",1640476800,Peru,PE,cancel Netflix,0
"Jan 2 – 8, 2022",1641081600,Peru,PE,cancel Netflix,0
"Jan 9 – 15, 2022",1641686400,Peru,PE,cancel Netflix,0
"Jan 16 – 22, 2022",1642291200,Peru,PE,cancel Netflix,0
"Jan 23 – 29, 2022",1642896000,Peru,PE,cancel Netflix,0
"Jan 30 – Feb 5, 2022",1643500800,Peru,PE,cancel Netflix,0
"Feb 6 – 12, 2022",1644105600,Peru,PE,cancel Netflix,0
"Feb 13 – 19, 2022",1644710400,Peru,PE,cancel Netflix,0
"Feb 20 – 26, 2022",1645315200,Peru,PE,cancel Netflix,0
"Feb 27 – Mar 5, 2022",1645920000,Peru,PE,cancel Netflix,0
"Mar 6 – 12, 2022",1646524800,Peru,PE,cancel Netflix,0
"Mar 13 – 19, 2022",1647129600,Peru,PE,cancel Netflix,0
"Mar 20 – 26, 2022",1647734400,Peru,PE,cancel Netflix,0
"Mar 27 – Apr 2, 2022",1648339200,Peru,PE,cancel Netflix,0
"Apr 3 – 9, 2022",1648944000,Peru,PE,cancel Netflix,0
"Apr 10 – 16, 2022",1649548800,Peru,PE,cancel Netflix,0
"Apr 17 – 23, 2022",1650153600,Peru,PE,cancel Netflix,0
"Apr 24 – 30, 2022",1650758400,Peru,PE,cancel Netflix,0
"May 1 – 7, 2022",1651363200,Peru,PE,cancel Netflix,0
"May 8 – 14, 2022",1651968000,Peru,PE,cancel Netflix,0
"May 15 – 21, 2022",1652572800,Peru,PE,cancel Netflix,0
"May 22 – 28, 2022",1653177600,Peru,PE,cancel Netflix,0
"May 29 – Jun 4, 2022",1653782400,Peru,PE,cancel Netflix,0
"Jun 5 – 11, 2022",1654387200,Peru,PE,cancel Netflix,0
"Jun 12 – 18, 2022",1654992000,Peru,PE,cancel Netflix,0
"Jun 19 – 25, 2022",1655596800,Peru,PE,cancel Netflix,0
"Jun 26 – Jul 2, 2022",1656201600,Peru,PE,cancel Netflix,0
"Jul 3 – 9, 2022",1656806400,Peru,PE,cancel Netflix,0
"Jul 10 – 16, 2022",1657411200,Peru,PE,cancel Netflix,0
"Jul 17 – 23, 2022",1658016000,Peru,PE,cancel Netflix,0
"Jul 24 – 30, 2022",1658620800,Peru,PE,cancel Netflix,0
"Jul 31 – Aug 6, 2022",1659225600,Peru,PE,cancel Netflix,0
"Aug 7 – 13, 2022",1659830400,Peru,PE,cancel Netflix,0
"Aug 14 – 20, 2022",1660435200,Peru,PE,cancel Netflix,0
"Aug 21 – 27, 2022",1661040000,Peru,PE,cancel Netflix,0
"Aug 28 – Sep 3, 2022",1661644800,Peru,PE,cancel Netflix,0
"Sep 4 – 10, 2022",1662249600,Peru,PE,cancel Netflix,0
"Sep 11 – 17, 2022",1662854400,Peru,PE,cancel Netflix,0
"Sep 18 – 24, 2022",1663459200,Peru,PE,cancel Netflix,0
"Sep 25 – Oct 1, 2022",1664064000,Peru,PE,cancel Netflix,0
"Oct 2 – 8, 2022",1664668800,Peru,PE,cancel Netflix,0
"Oct 9 – 15, 2022",1665273600,Peru,PE,cancel Netflix,0
"Oct 16 – 22, 2022",1665878400,Peru,PE,cancel Netflix,0
"Oct 23 – 29, 2022",1666483200,Peru,PE,cancel Netflix,0
"Oct 30 – Nov 5, 2022",1667088000,Peru,PE,cancel Netflix,0
"Nov 6 – 12, 2022",1667692800,Peru,PE,cancel Netflix,0
"Nov 13 – 19, 2022",1668297600,Peru,PE,cancel Netflix,0
"Nov 20 – 26, 2022",1668902400,Peru,PE,cancel Netflix,0
"Nov 27 – Dec 3, 2022",1669507200,Peru,PE,cancel Netflix,0
"Dec 4 – 10, 2022",1670112000,Peru,PE,cancel Netflix,0
"Dec 11 – 17, 2022",1670716800,Peru,PE,cancel Netflix,0
"Dec 18 – 24, 2022",1671321600,Peru,PE,cancel Netflix,0
"Dec 25 – 31, 2022",1671926400,Peru,PE,cancel Netflix,0
"Jan 1 – 7, 2023",1672531200,Peru,PE,cancel Netflix,0
"Jan 8 – 14, 2023",1673136000,Peru,PE,cancel Netflix,0
"Jan 15 – 21, 2023",1673740800,Peru,PE,cancel Netflix,0
"Jan 22 – 28, 2023",1674345600,Peru,PE,cancel Netflix,0
"Jan 29 – Feb 4, 2023",1674950400,Peru,PE,cancel Netflix,0
"Feb 5 – 11, 2023",1675555200,Peru,PE,cancel Netflix,0
"Feb 12 – 18, 2023",1676160000,Peru,PE,cancel Netflix,0
"Feb 19 – 25, 2023",1676764800,Peru,PE,cancel Netflix,0
"Feb 26 – Mar 4, 2023",1677369600,Peru,PE,cancel Netflix,0
"Mar 5 – 11, 2023",1677974400,Peru,PE,cancel Netflix,0
"Mar 12 – 18, 2023",1678579200,Peru,PE,cancel Netflix,0
"Mar 19 – 25, 2023",1679184000,Peru,PE,cancel Netflix,0
"Mar 26 – Apr 1, 2023",1679788800,Peru,PE,cancel Netflix,0
"Apr 2 – 8, 2023",1680393600,Peru,PE,cancel Netflix,0
"Apr 9 – 15, 2023",1680998400,Peru,PE,cancel Netflix,0
"Apr 16 – 22, 2023",1681603200,Peru,PE,cancel Netflix,0
"Apr 23 – 29, 2023",1682208000,Peru,PE,cancel Netflix,0
"Apr 30 – May 6, 2023",1682812800,Peru,PE,cancel Netflix,0
"May 7 – 13, 2023",1683417600,Peru,PE,cancel Netflix,0
"May 14 – 20, 2023",1684022400,Peru,PE,cancel Netflix,0
"May 21 – 27, 2023",1684627200,Peru,PE,cancel Netflix,0
"May 28 – Jun 3, 2023",1685232000,Peru,PE,cancel Netflix,0
"Jun 4 – 10, 2023",1685836800,Peru,PE,cancel Netflix,0
"Jun 11 – 17, 2023",1686441600,Peru,PE,cancel Netflix,0
"Jun 18 – 24, 2023",1687046400,Peru,PE,cancel Netflix,0
"Jun 25 – Jul 1, 2023",1687651200,Peru,PE,cancel Netflix,0
"Jul 2 – 8, 2023",1688256000,Peru,PE,cancel Netflix,0
"Jul 9 – 15, 2023",1688860800,Peru,PE,cancel Netflix,0
"Jul 16 – 22, 2023",1689465600,Peru,PE,cancel Netflix,0
"Jul 23 – 29, 2023",1690070400,Peru,PE,cancel Netflix,0
"Jul 30 – Aug 5, 2023",1690675200,Peru,PE,cancel Netflix,0
"Aug 6 – 12, 2023",1691280000,Peru,PE,cancel Netflix,0
"Aug 13 – 19, 2023",1691884800,Peru,PE,cancel Netflix,0
"Aug 20 – 26, 2023",1692489600,Peru,PE,cancel Netflix,0
"Aug 27 – Sep 2, 2023",1693094400,Peru,PE,cancel Netflix,0
"Sep 3 – 9, 2023",1693699200,Peru,PE,cancel Netflix,0
"Sep 10 – 16, 2023",1694304000,Peru,PE,cancel Netflix,0
"Sep 17 – 23, 2023",1694908800,Peru,PE,cancel Netflix,0
"Sep 24 – 30, 2023",1695513600,Peru,PE,cancel Netflix,0
"Oct 1 – 7, 2023",1696118400,Peru,PE,cancel Netflix,0
"Oct 8 – 14, 2023",1696723200,Peru,PE,cancel Netflix,0
"Oct 15 – 21, 2023",1697328000,Peru,PE,cancel Netflix,0
"Oct 22 – 28, 2023",1697932800,Peru,PE,cancel Netflix,0
"Oct 29 – Nov 4, 2023",1698537600,Peru,PE,cancel Netflix,0
"Nov 5 – 11, 2023",1699142400,Peru,PE,cancel Netflix,0
"Nov 12 – 18, 2023",1699747200,Peru,PE,cancel Netflix,0
"Nov 19 – 25, 2023",1700352000,Peru,PE,cancel Netflix,0
"Nov 26 – Dec 2, 2023",1700956800,Peru,PE,cancel Netflix,0
"Dec 3 – 9, 2023",1701561600,Peru,PE,cancel Netflix,0
"Dec 10 – 16, 2023",1702166400,Peru,PE,cancel Netflix,0
"Dec 17 – 23, 2023",1702771200,Peru,PE,cancel Netflix,0
"Dec 24 – 30, 2023",1703376000,Peru,PE,cancel Netflix,0
"Dec 31, 2023 – Jan 6, 2024",1703980800,Peru,PE,cancel Netflix,0
"Aug 29 – Sep 4, 2021",1630195200,Argentina,AR,Netflix,60
"Sep 5 – 11, 2021",1630800000,Argentina,AR,Netflix,62
"Sep 12 – 18, 2021",1631404800,Argentina,AR,Netflix,57
"Sep 19 – 25, 2021",1632009600,Argentina,AR,Netflix,64
"Sep 26 – Oct 2, 2021",1632614400,Argentina,AR,Netflix,71
"Oct 3 – 9, 2021",1633219200,Argentina,AR,Netflix,70
"Oct 10 – 16, 2021",1633824000,Argentina,AR,Netflix,67
"Oct 17 – 23, 2021",1634428800,Argentina,AR,Netflix,59
"Oct 24 – 30, 2021",1635033600,Argentina,AR,Netflix,53
"Oct 31 – Nov 6, 2021",1635638400,Argentina,AR,Netflix,58
"Nov 7 – 13, 2021",1636243200,Argentina,AR,Netflix,52
"Nov 14 – 20, 2021",1636848000,Argentina,AR,Netflix,56
"Nov 21 – 27, 2021",1637452800,Argentina,AR,Netflix,58
"Nov 28 – Dec 4, 2021",1638057600,Argentina,AR,Netflix,58
"Dec 5 – 11, 2021",1638662400,Argentina,AR,Netflix,60
"Dec 12 – 18, 2021",1639267200,Argentina,AR,Netflix,58
"Dec 19 – 25, 2021",1639872000,Argentina,AR,Netflix,60
"Dec 26, 2021 – Jan 1, 2022",1640476800,Argentina,AR,Netflix,74
"Jan 2 – 8, 2022",1641081600,Argentina,AR,Netflix,100
"Jan 9 – 15, 2022",1641686400,Argentina,AR,Netflix,85
"Jan 16 – 22, 2022",1642291200,Argentina,AR,Netflix,88
"Jan 23 – 29, 2022",1642896000,Argentina,AR,Netflix,85
"Jan 30 – Feb 5, 2022",1643500800,Argentina,AR,Netflix,85
"Feb 6 – 12, 2022",1644105600,Argentina,AR,Netflix,83
"Feb 13 – 19, 2022",1644710400,Argentina,AR,Netflix,72
"Feb 20 – 26, 2022",1645315200,Argentina,AR,Netflix,70
"Feb 27 – Mar 5, 2022",1645920000,Argentina,AR,Netflix,73
"Mar 6 – 12, 2022",1646524800,Argentina,AR,Netflix,68
"Mar 13 – 19, 2022",1647129600,Argentina,AR,Netflix,60
"Mar 20 – 26, 2022",1647734400,Argentina,AR,Netflix,71
"Mar 27 – Apr 2, 2022",1648339200,Argentina,AR,Netflix,63
"Apr 3 – 9, 2022",1648944000,Argentina,AR,Netflix,59
"Apr 10 – 16, 2022",1649548800,Argentina,AR,Netflix,75
"Apr 17 – 23, 2022",1650153600,Argentina,AR,Netflix,64
"Apr 24 – 30, 2022",1650758400,Argentina,AR,Netflix,64
"May 1 – 7, 2022",1651363200,Argentina,AR,Netflix,67
"May 8 – 14, 2022",1651968000,Argentina,AR,Netflix,65
"May 15 – 21, 2022",1652572800,Argentina,AR,Netflix,71
"May 22 – 28, 2022",1653177600,Argentina,AR,Netflix,76
"May 29 – Jun 4, 2022",1653782400,Argentina,AR,Netflix,66
"Jun 5 – 11, 2022",1654387200,Argentina,AR,Netflix,64
"Jun 12 – 18, 2022",1654992000,Argentina,AR,Netflix,69
"Jun 19 – 25, 2022",1655596800,Argentina,AR,Netflix,75
"Jun 26 – Jul 2, 2022",1656201600,Argentina,AR,Netflix,69
"Jul 3 – 9, 2022",1656806400,Argentina,AR,Netflix,63
"Jul 10 – 16, 2022",1657411200,Argentina,AR,Netflix,78
"Jul 17 – 23, 2022",1658016000,Argentina,AR,Netflix,97
"Jul 24 – 30, 2022",1658620800,Argentina,AR,Netflix,82
"Jul 31 – Aug 6, 2022",1659225600,Argentina,AR,Netflix,76
"Aug 7 – 13, 2022",1659830400,Argentina,AR,Netflix,72
"Aug 14 – 20, 2022",1660435200,Argentina,AR,Netflix,71
"Aug 21 – 27, 2022",1661040000,Argentina,AR,Netflix,68
"Aug 28 – Sep 3, 2022",1661644800,Argentina,AR,Netflix,72
"Sep 4 – 10, 2022",1662249600,Argentina,AR,Netflix,59
"Sep 11 – 17, 2022",1662854400,Argentina,AR,Netflix,64
"Sep 18 – 24, 2022",1663459200,Argentina,AR,Netflix,67
"Sep 25 – Oct 1, 2022",1664064000,Argentina,AR,Netflix,70
"Oct 2 – 8, 2022",1664668800,Argentina,AR,Netflix,72
"Oct 9 – 15, 2022",1665273600,Argentina,AR,Netflix,67
"Oct 16 – 22, 2022",1665878400,Argentina,AR,Netflix,64
"Oct 23 – 29, 2022",1666483200,Argentina,AR,Netflix,54
"Oct 30 – Nov 5, 2022",1667088000,Argentina,AR,Netflix,60
"Nov 6 – 12, 2022",1667692800,Argentina,AR,Netflix,54
"Nov 13 – 19, 2022",1668297600,Argentina,AR,Netflix,54
"Nov 20 – 26, 2022",1668902400,Argentina,AR,Netflix,51
"Nov 27 – Dec 3, 2022",1669507200,Argentina,AR,Netflix,47
"Dec 4 – 10, 2022",1670112000,Argentina,AR,Netflix,54
"Dec 11 – 17, 2022",1670716800,Argentina,AR,Netflix,52
"Dec 18 – 24, 2022",1671321600,Argentina,AR,Netflix,50
"Dec 25 – 31, 2022",1671926400,Argentina,AR,Netflix,66
"Jan 1 – 7, 2023",1672531200,Argentina,AR,Netflix,69
"Jan 8 – 14, 2023",1673136000,Argentina,AR,Netflix,66
"Jan 15 – 21, 2023",1673740800,Argentina,AR,Netflix,65
"Jan 22 – 28, 2023",1674345600,Argentina,AR,Netflix,65
"Jan 29 – Feb 4, 2023",1674950400,Argentina,AR,Netflix,65
"Feb 5 – 11, 2023",1675555200,Argentina,AR,Netflix,59
"Feb 12 – 18, 2023",1676160000,Argentina,AR,Netflix,62
"Feb 19 – 25, 2023",1676764800,Argentina,AR,Netflix,69
"Feb 26 – Mar 4, 2023",1677369600,Argentina,AR,Netflix,56
"Mar 5 – 11, 2023",1677974400,Argentina,AR,Netflix,53
"Mar 12 – 18, 2023",1678579200,Argentina,AR,Netflix,50
"Mar 19 – 25, 2023",1679184000,Argentina,AR,Netflix,57
"Mar 26 – Apr 1, 2023",1679788800,Argentina,AR,Netflix,51
"Apr 2 – 8, 2023",1680393600,Argentina,AR,Netflix,61
"Apr 9 – 15, 2023",1680998400,Argentina,AR,Netflix,52
"Apr 16 – 22, 2023",1681603200,Argentina,AR,Netflix,55
"Apr 23 – 29, 2023",1682208000,Argentina,AR,Netflix,55
"Apr 30 – May 6, 2023",1682812800,Argentina,AR,Netflix,66
"May 7 – 13, 2023",1683417600,Argentina,AR,Netflix,53
"May 14 – 20, 2023",1684022400,Argentina,AR,Netflix,57
"May 21 – 27, 2023",1684627200,Argentina,AR,Netflix,75
"May 28 – Jun 3, 2023",1685232000,Argentina,AR,Netflix,61
"Jun 4 – 10, 2023",1685836800,Argentina,AR,Netflix,67
"Jun 11 – 17, 2023",1686441600,Argentina,AR,Netflix,68
"Jun 18 – 24, 2023",1687046400,Argentina,AR,Netflix,79
"Jun 25 – Jul 1, 2023",1687651200,Argentina,AR,Netflix,57
"Jul 2 – 8, 2023",1688256000,Argentina,AR,Netflix,57
"Jul 9 – 15, 2023",1688860800,Argentina,AR,Netflix,65
"Jul 16 – 22, 2023",1689465600,Argentina,AR,Netflix,64
"Jul 23 – 29, 2023",1690070400,Argentina,AR,Netflix,60
"Jul 30 – Aug 5, 2023",1690675200,Argentina,AR,Netflix,54
"Aug 6 – 12, 2023",1691280000,Argentina,AR,Netflix,52
"Aug 13 – 19, 2023",1691884800,Argentina,AR,Netflix,47
"Aug 20 – 26, 2023",1692489600,Argentina,AR,Netflix,59
"Aug 27 – Sep 2, 2023",1693094400,Argentina,AR,Netflix,54
"Sep 3 – 9, 2023",1693699200,Argentina,AR,Netflix,56
"Sep 10 – 16, 2023",1694304000,Argentina,AR,Netflix,54
"Sep 17 – 23, 2023",1694908800,Argentina,AR,Netflix,55
"Sep 24 – 30, 2023",1695513600,Argentina,AR,Netflix,52
"Oct 1 – 7, 2023",1696118400,Argentina,AR,Netflix,48
"Oct 8 – 14, 2023",1696723200,Argentina,AR,Netflix,49
"Oct 15 – 21, 2023",1697328000,Argentina,AR,Netflix,52
"Oct 22 – 28, 2023",1697932800,Argentina,AR,Netflix,49
"Oct 29 – Nov 4, 2023",1698537600,Argentina,AR,Netflix,53
"Nov 5 – 11, 2023",1699142400,Argentina,AR,Netflix,48
"Nov 12 – 18, 2023",1699747200,Argentina,AR,Netflix,47
"Nov 19 – 25, 2023",1700352000,Argentina,AR,Netflix,48
"Nov 26 – Dec 2, 2023",1700956800,Argentina,AR,Netflix,49
"Dec 3 – 9, 2023",1701561600,Argentina,AR,Netflix,64
"Dec 10 – 16, 2023",1702166400,Argentina,AR,Netflix,75
"Dec 17 – 23, 2023",1702771200,Argentina,AR,Netflix,57
"Dec 24 – 30, 2023",1703376000,Argentina,AR,Netflix,63
"Dec 31, 2023 – Jan 6, 2024",1703980800,Argentina,AR,Netflix,70
"Aug 29 – Sep 4, 2021",1630195200,Argentina,AR,cancel Netflix,0
"Sep 5 – 11, 2021",1630800000,Argentina,AR,cancel Netflix,0
"Sep 12 – 18, 2021",1631404800,Argentina,AR,cancel Netflix,0
"Sep 19 – 25, 2021",1632009600,Argentina,AR,cancel Netflix,0
"Sep 26 – Oct 2, 2021",1632614400,Argentina,AR,cancel Netflix,0
"Oct 3 – 9, 2021",1633219200,Argentina,AR,cancel Netflix,0
"Oct 10 – 16, 2021",1633824000,Argentina,AR,cancel Netflix,0
"Oct 17 – 23, 2021",1634428800,Argentina,AR,cancel Netflix,0
"Oct 24 – 30, 2021",1635033600,Argentina,AR,cancel Netflix,0
"Oct 31 – Nov 6, 2021",1635638400,Argentina,AR,cancel Netflix,0
"Nov 7 – 13, 2021",1636243200,Argentina,AR,cancel Netflix,0
"Nov 14 – 20, 2021",1636848000,Argentina,AR,cancel Netflix,0
"Nov 21 – 27, 2021",1637452800,Argentina,AR,cancel Netflix,0
"Nov 28 – Dec 4, 2021",1638057600,Argentina,AR,cancel Netflix,0
"Dec 5 – 11, 2021",1638662400,Argentina,AR,cancel Netflix,0
"Dec 12 – 18, 2021",1639267200,Argentina,AR,cancel Netflix,0
"Dec 19 – 25, 2021",1639872000,Argentina,AR,cancel Netflix,0
"Dec 26, 2021 – Jan 1, 2022",1640476800,Argentina,AR,cancel Netflix,0
"Jan 2 – 8, 2022",1641081600,Argentina,AR,cancel Netflix,0
"Jan 9 – 15, 2022",1641686400,Argentina,AR,cancel Netflix,0
"Jan 16 – 22, 2022",1642291200,Argentina,AR,cancel Netflix,100
"Jan 23 – 29, 2022",1642896000,Argentina,AR,cancel Netflix,0
"Jan 30 – Feb 5, 2022",1643500800,Argentina,AR,cancel Netflix,0
"Feb 6 – 12, 2022",1644105600,Argentina,AR,cancel Netflix,0
"Feb 13 – 19, 2022",1644710400,Argentina,AR,cancel Netflix,0
"Feb 20 – 26, 2022",1645315200,Argentina,AR,cancel Netflix,0
"Feb 27 – Mar 5, 2022",1645920000,Argentina,AR,cancel Netflix,0
"Mar 6 – 12, 2022",1646524800,Argentina,AR,cancel Netflix,0
"Mar 13 – 19, 2022",1647129600,Argentina,AR,cancel Netflix,0
"Mar 20 – 26, 2022",1647734400,Argentina,AR,cancel Netflix,0
"Mar 27 – Apr 2, 2022",1648339200,Argentina,AR,cancel Netflix,0
"Apr 3 – 9, 2022",1648944000,Argentina,AR,cancel Netflix,0
"Apr 10 – 16, 2022",1649548800,Argentina,AR,cancel Netflix,0
"Apr 17 – 23, 2022",1650153600,Argentina,AR,cancel Netflix,0
"Apr 24 – 30, 2022",1650758400,Argentina,AR,cancel Netflix,0
"May 1 – 7, 2022",1651363200,Argentina,AR,cancel Netflix,0
"May 8 – 14, 2022",1651968000,Argentina,AR,cancel Netflix,0
"May 15 – 21, 2022",1652572800,Argentina,AR,cancel Netflix,0
"May 22 – 28, 2022",1653177600,Argentina,AR,cancel Netflix,0
"May 29 – Jun 4, 2022",1653782400,Argentina,AR,cancel Netflix,0
"Jun 5 – 11, 2022",1654387200,Argentina,AR,cancel Netflix,0
"Jun 12 – 18, 2022",1654992000,Argentina,AR,cancel Netflix,0
"Jun 19 – 25, 2022",1655596800,Argentina,AR,cancel Netflix,0
"Jun 26 – Jul 2, 2022",1656201600,Argentina,AR,cancel Netflix,0
"Jul 3 – 9, 2022",1656806400,Argentina,AR,cancel Netflix,0
"Jul 10 – 16, 2022",1657411200,Argentina,AR,cancel Netflix,0
"Jul 17 – 23, 2022",1658016000,Argentina,AR,cancel Netflix,0
"Jul 24 – 30, 2022",1658620800,Argentina,AR,cancel Netflix,0
"Jul 31 – Aug 6, 2022",1659225600,Argentina,AR,cancel Netflix,0
"Aug 7 – 13, 2022",1659830400,Argentina,AR,cancel Netflix,0
"Aug 14 – 20, 2022",1660435200,Argentina,AR,cancel Netflix,0
"Aug 21 – 27, 2022",1661040000,Argentina,AR,cancel Netflix,0
"Aug 28 – Sep 3, 2022",1661644800,Argentina,AR,cancel Netflix,0
"Sep 4 – 10, 2022",1662249600,Argentina,AR,cancel Netflix,0
"Sep 11 – 17, 2022",1662854400,Argentina,AR,cancel Netflix,0
"Sep 18 – 24, 2022",1663459200,Argentina,AR,cancel Netflix,86
"Sep 25 – Oct 1, 2022",1664064000,Argentina,AR,cancel Netflix,0
"Oct 2 – 8, 2022",1664668800,Argentina,AR,cancel Netflix,0
"Oct 9 – 15, 2022",1665273600,Argentina,AR,cancel Netflix,0
"Oct 16 – 22, 2022",1665878400,Argentina,AR,cancel Netflix,0
"Oct 23 – 29, 2022",1666483200,Argentina,AR,cancel Netflix,0
"Oct 30 – Nov 5, 2022",1667088000,Argentina,AR,cancel Netflix,0
"Nov 6 – 12, 2022",1667692800,Argentina,AR,cancel Netflix,0
"Nov 13 – 19, 2022",1668297600,Argentina,AR,cancel Netflix,0
"Nov 20 – 26, 2022",1668902400,Argentina,AR,cancel Netflix,0
"Nov 27 – Dec 3, 2022",1669507200,Argentina,AR,cancel Netflix,0
"Dec 4 – 10, 2022",1670112000,Argentina,AR,cancel Netflix,0
"Dec 11 – 17, 2022",1670716800,Argentina,AR,cancel Netflix,0
"Dec 18 – 24, 2022",1671321600,Argentina,AR,cancel Netflix,0
"Dec 25 – 31, 2022",1671926400,Argentina,AR,cancel Netflix,0
"Jan 1 – 7, 2023",1672531200,Argentina,AR,cancel Netflix,0
"Jan 8 – 14, 2023",1673136000,Argentina,AR,cancel Netflix,0
"Jan 15 – 21, 2023",1673740800,Argentina,AR,cancel Netflix,0
"Jan 22 – 28, 2023",1674345600,Argentina,AR,cancel Netflix,0
"Jan 29 – Feb 4, 2023",1674950400,Argentina,AR,cancel Netflix,0
"Feb 5 – 11, 2023",1675555200,Argentina,AR,cancel Netflix,0
"Feb 12 – 18, 2023",1676160000,Argentina,AR,cancel Netflix,0
"Feb 19 – 25, 2023",1676764800,Argentina,AR,cancel Netflix,0
"Feb 26 – Mar 4, 2023",1677369600,Argentina,AR,cancel Netflix,0
"Mar 5 – 11, 2023",1677974400,Argentina,AR,cancel Netflix,0
"Mar 12 – 18, 2023",1678579200,Argentina,AR,cancel Netflix,0
"Mar 19 – 25, 2023",1679184000,Argentina,AR,cancel Netflix,0
"Mar 26 – Apr 1, 2023",1679788800,Argentina,AR,cancel Netflix,0
"Apr 2 – 8, 2023",1680393600,Argentina,AR,cancel Netflix,0
"Apr 9 – 15, 2023",1680998400,Argentina,AR,cancel Netflix,0
"Apr 16 – 22, 2023",1681603200,Argentina,AR,cancel Netflix,0
"Apr 23 – 29, 2023",1682208000,Argentina,AR,cancel Netflix,0
"Apr 30 – May 6, 2023",1682812800,Argentina,AR,cancel Netflix,0
"May 7 – 13, 2023",1683417600,Argentina,AR,cancel Netflix,0
"May 14 – 20, 2023",1684022400,Argentina,AR,cancel Netflix,0
"May 21 – 27, 2023",1684627200,Argentina,AR,cancel Netflix,0
"May 28 – Jun 3, 2023",1685232000,Argentina,AR,cancel Netflix,0
"Jun 4 – 10, 2023",1685836800,Argentina,AR,cancel Netflix,0
"Jun 11 – 17, 2023",1686441600,Argentina,AR,cancel Netflix,0
"Jun 18 – 24, 2023",1687046400,Argentina,AR,cancel Netflix,63
"Jun 25 – Jul 1, 2023",1687651200,Argentina,AR,cancel Netflix,0
"Jul 2 – 8, 2023",1688256000,Argentina,AR,cancel Netflix,0
"Jul 9 – 15, 2023",1688860800,Argentina,AR,cancel Netflix,0
"Jul 16 – 22, 2023",1689465600,Argentina,AR,cancel Netflix,0
"Jul 23 – 29, 2023",1690070400,Argentina,AR,cancel Netflix,0
"Jul 30 – Aug 5, 2023",1690675200,Argentina,AR,cancel Netflix,0
"Aug 6 – 12, 2023",1691280000,Argentina,AR,cancel Netflix,0
"Aug 13 – 19, 2023",1691884800,Argentina,AR,cancel Netflix,0
"Aug 20 – 26, 2023",1692489600,Argentina,AR,cancel Netflix,0
"Aug 27 – Sep 2, 2023",1693094400,Argentina,AR,cancel Netflix,0
"Sep 3 – 9, 2023",1693699200,Argentina,AR,cancel Netflix,0
"Sep 10 – 16, 2023",1694304000,Argentina,AR,cancel Netflix,0
"Sep 17 – 23, 2023",1694908800,Argentina,AR,cancel Netflix,0
"Sep 24 – 30, 2023",1695513600,Argentina,AR,cancel Netflix,0
"Oct 1 – 7, 2023",1696118400,Argentina,AR,cancel Netflix,0
"Oct 8 – 14, 2023",1696723200,Argentina,AR,cancel Netflix,0
"Oct 15 – 21, 2023",1697328000,Argentina,AR,cancel Netflix,0
"Oct 22 – 28, 2023",1697932800,Argentina,AR,cancel Netflix,0
"Oct 29 – Nov 4, 2023",1698537600,Argentina,AR,cancel Netflix,0
"Nov 5 – 11, 2023",1699142400,Argentina,AR,cancel Netflix,0
"Nov 12 – 18, 2023",1699747200,Argentina,AR,cancel Netflix,0
"Nov 19 – 25, 2023",1700352000,Argentina,AR,cancel Netflix,0
"Nov 26 – Dec 2, 2023",1700956800,Argentina,AR,cancel Netflix,0
"Dec 3 – 9, 2023",1701561600,Argentina,AR,cancel Netflix,0
"Dec 10 – 16, 2023",1702166400,Argentina,AR,cancel Netflix,0
"Dec 17 – 23, 2023",1702771200,Argentina,AR,cancel Netflix,0
"Dec 24 – 30, 2023",1703376000,Argentina,AR,cancel Netflix,0
"Dec 31, 2023 – Jan 6, 2024",1703980800,Argentina,AR,cancel Netflix,0
"Aug 29 – Sep 4, 2021",1630195200,Guatemala,GT,Netflix,68
"Sep 5 – 11, 2021",1630800000,Guatemala,GT,Netflix,63
"Sep 12 – 18, 2021",1631404800,Guatemala,GT,Netflix,67
"Sep 19 – 25, 2021",1632009600,Guatemala,GT,Netflix,83
"Sep 26 – Oct 2, 2021",1632614400,Guatemala,GT,Netflix,82
"Oct 3 – 9, 2021",1633219200,Guatemala,GT,Netflix,73
"Oct 10 – 16, 2021",1633824000,Guatemala,GT,Netflix,70
"Oct 17 – 23, 2021",1634428800,Guatemala,GT,Netflix,74
"Oct 24 – 30, 2021",1635033600,Guatemala,GT,Netflix,63
"Oct 31 – Nov 6, 2021",1635638400,Guatemala,GT,Netflix,72
"Nov 7 – 13, 2021",1636243200,Guatemala,GT,Netflix,64
"Nov 14 – 20, 2021",1636848000,Guatemala,GT,Netflix,66
"Nov 21 – 27, 2021",1637452800,Guatemala,GT,Netflix,68
"Nov 28 – Dec 4, 2021",1638057600,Guatemala,GT,Netflix,69
"Dec 5 – 11, 2021",1638662400,Guatemala,GT,Netflix,74
"Dec 12 – 18, 2021",1639267200,Guatemala,GT,Netflix,68
"Dec 19 – 25, 2021",1639872000,Guatemala,GT,Netflix,69
"Dec 26, 2021 – Jan 1, 2022",1640476800,Guatemala,GT,Netflix,87
"Jan 2 – 8, 2022",1641081600,Guatemala,GT,Netflix,100
"Jan 9 – 15, 2022",1641686400,Guatemala,GT,Netflix,88
"Jan 16 – 22, 2022",1642291200,Guatemala,GT,Netflix,80
"Jan 23 – 29, 2022",1642896000,Guatemala,GT,Netflix,77
"Jan 30 – Feb 5, 2022",1643500800,Guatemala,GT,Netflix,75
"Feb 6 – 12, 2022",1644105600,Guatemala,GT,Netflix,74
"Feb 13 – 19, 2022",1644710400,Guatemala,GT,Netflix,68
"Feb 20 – 26, 2022",1645315200,Guatemala,GT,Netflix,56
"Feb 27 – Mar 5, 2022",1645920000,Guatemala,GT,Netflix,54
"Mar 6 – 12, 2022",1646524800,Guatemala,GT,Netflix,52
"Mar 13 – 19, 2022",1647129600,Guatemala,GT,Netflix,53
"Mar 20 – 26, 2022",1647734400,Guatemala,GT,Netflix,51
"Mar 27 – Apr 2, 2022",1648339200,Guatemala,GT,Netflix,53
"Apr 3 – 9, 2022",1648944000,Guatemala,GT,Netflix,55
"Apr 10 – 16, 2022",1649548800,Guatemala,GT,Netflix,81
"Apr 17 – 23, 2022",1650153600,Guatemala,GT,Netflix,58
"Apr 24 – 30, 2022",1650758400,Guatemala,GT,Netflix,60
"May 1 – 7, 2022",1651363200,Guatemala,GT,Netflix,58
"May 8 – 14, 2022",1651968000,Guatemala,GT,Netflix,59
"May 15 – 21, 2022",1652572800,Guatemala,GT,Netflix,59
"May 22 – 28, 2022",1653177600,Guatemala,GT,Netflix,64
"May 29 – Jun 4, 2022",1653782400,Guatemala,GT,Netflix,61
"Jun 5 – 11, 2022",1654387200,Guatemala,GT,Netflix,61
"Jun 12 – 18, 2022",1654992000,Guatemala,GT,Netflix,67
"Jun 19 – 25, 2022",1655596800,Guatemala,GT,Netflix,67
"Jun 26 – Jul 2, 2022",1656201600,Guatemala,GT,Netflix,81
"Jul 3 – 9, 2022",1656806400,Guatemala,GT,Netflix,70
"Jul 10 – 16, 2022",1657411200,Guatemala,GT,Netflix,67
"Jul 17 – 23, 2022",1658016000,Guatemala,GT,Netflix,70
"Jul 24 – 30, 2022",1658620800,Guatemala,GT,Netflix,66
"Jul 31 – Aug 6, 2022",1659225600,Guatemala,GT,Netflix,66
"Aug 7 – 13, 2022",1659830400,Guatemala,GT,Netflix,63
"Aug 14 – 20, 2022",1660435200,Guatemala,GT,Netflix,64
"Aug 21 – 27, 2022",1661040000,Guatemala,GT,Netflix,68
"Aug 28 – Sep 3, 2022",1661644800,Guatemala,GT,Netflix,66
"Sep 4 – 10, 2022",1662249600,Guatemala,GT,Netflix,58
"Sep 11 – 17, 2022",1662854400,Guatemala,GT,Netflix,65
"Sep 18 – 24, 2022",1663459200,Guatemala,GT,Netflix,57
"Sep 25 – Oct 1, 2022",1664064000,Guatemala,GT,Netflix,66
"Oct 2 – 8, 2022",1664668800,Guatemala,GT,Netflix,60
"Oct 9 – 15, 2022",1665273600,Guatemala,GT,Netflix,63
"Oct 16 – 22, 2022",1665878400,Guatemala,GT,Netflix,70
"Oct 23 – 29, 2022",1666483200,Guatemala,GT,Netflix,58
"Oct 30 – Nov 5, 2022",1667088000,Guatemala,GT,Netflix,67
"Nov 6 – 12, 2022",1667692800,Guatemala,GT,Netflix,59
"Nov 13 – 19, 2022",1668297600,Guatemala,GT,Netflix,61
"Nov 20 – 26, 2022",1668902400,Guatemala,GT,Netflix,53
"Nov 27 – Dec 3, 2022",1669507200,Guatemala,GT,Netflix,62
"Dec 4 – 10, 2022",1670112000,Guatemala,GT,Netflix,59
"Dec 11 – 17, 2022",1670716800,Guatemala,GT,Netflix,66
"Dec 18 – 24, 2022",1671321600,Guatemala,GT,Netflix,68
"Dec 25 – 31, 2022",1671926400,Guatemala,GT,Netflix,87
"Jan 1 – 7, 2023",1672531200,Guatemala,GT,Netflix,79
"Jan 8 – 14, 2023",1673136000,Guatemala,GT,Netflix,73
"Jan 15 – 21, 2023",1673740800,Guatemala,GT,Netflix,59
"Jan 22 – 28, 2023",1674345600,Guatemala,GT,Netflix,60
"Jan 29 – Feb 4, 2023",1674950400,Guatemala,GT,Netflix,56
"Feb 5 – 11, 2023",1675555200,Guatemala,GT,Netflix,56
"Feb 12 – 18, 2023",1676160000,Guatemala,GT,Netflix,59
"Feb 19 – 25, 2023",1676764800,Guatemala,GT,Netflix,53
"Feb 26 – Mar 4, 2023",1677369600,Guatemala,GT,Netflix,50
"Mar 5 – 11, 2023",1677974400,Guatemala,GT,Netflix,48
"Mar 12 – 18, 2023",1678579200,Guatemala,GT,Netflix,49
"Mar 19 – 25, 2023",1679184000,Guatemala,GT,Netflix,49
"Mar 26 – Apr 1, 2023",1679788800,Guatemala,GT,Netflix,52
"Apr 2 – 8, 2023",1680393600,Guatemala,GT,Netflix,73
"Apr 9 – 15, 2023",1680998400,Guatemala,GT,Netflix,51
"Apr 16 – 22, 2023",1681603200,Guatemala,GT,Netflix,50
"Apr 23 – 29, 2023",1682208000,Guatemala,GT,Netflix,53
"Apr 30 – May 6, 2023",1682812800,Guatemala,GT,Netflix,56
"May 7 – 13, 2023",1683417600,Guatemala,GT,Netflix,50
"May 14 – 20, 2023",1684022400,Guatemala,GT,Netflix,49
"May 21 – 27, 2023",1684627200,Guatemala,GT,Netflix,49
"May 28 – Jun 3, 2023",1685232000,Guatemala,GT,Netflix,52
"Jun 4 – 10, 2023",1685836800,Guatemala,GT,Netflix,56
"Jun 11 – 17, 2023",1686441600,Guatemala,GT,Netflix,56
"Jun 18 – 24, 2023",1687046400,Guatemala,GT,Netflix,64
"Jun 25 – Jul 1, 2023",1687651200,Guatemala,GT,Netflix,58
"Jul 2 – 8, 2023",1688256000,Guatemala,GT,Netflix,58
"Jul 9 – 15, 2023",1688860800,Guatemala,GT,Netflix,50
"Jul 16 – 22, 2023",1689465600,Guatemala,GT,Netflix,52
"Jul 23 – 29, 2023",1690070400,Guatemala,GT,Netflix,52
"Jul 30 – Aug 5, 2023",1690675200,Guatemala,GT,Netflix,52
"Aug 6 – 12, 2023",1691280000,Guatemala,GT,Netflix,48
"Aug 13 – 19, 2023",1691884800,Guatemala,GT,Netflix,54
"Aug 20 – 26, 2023",1692489600,Guatemala,GT,Netflix,50
"Aug 27 – Sep 2, 2023",1693094400,Guatemala,GT,Netflix,54
"Sep 3 – 9, 2023",1693699200,Guatemala,GT,Netflix,55
"Sep 10 – 16, 2023",1694304000,Guatemala,GT,Netflix,57
"Sep 17 – 23, 2023",1694908800,Guatemala,GT,Netflix,51
"Sep 24 – 30, 2023",1695513600,Guatemala,GT,Netflix,51
"Oct 1 – 7, 2023",1696118400,Guatemala,GT,Netflix,58
"Oct 8 – 14, 2023",1696723200,Guatemala,GT,Netflix,79
"Oct 15 – 21, 2023",1697328000,Guatemala,GT,Netflix,67
"Oct 22 – 28, 2023",1697932800,Guatemala,GT,Netflix,58
"Oct 29 – Nov 4, 2023",1698537600,Guatemala,GT,Netflix,63
"Nov 5 – 11, 2023",1699142400,Guatemala,GT,Netflix,56
"Nov 12 – 18, 2023",1699747200,Guatemala,GT,Netflix,55
"Nov 19 – 25, 2023",1700352000,Guatemala,GT,Netflix,57
"Nov 26 – Dec 2, 2023",1700956800,Guatemala,GT,Netflix,61
"Dec 3 – 9, 2023",1701561600,Guatemala,GT,Netflix,61
"Dec 10 – 16, 2023",1702166400,Guatemala,GT,Netflix,68
"Dec 17 – 23, 2023",1702771200,Guatemala,GT,Netflix,62
"Dec 24 – 30, 2023",1703376000,Guatemala,GT,Netflix,80
"Dec 31, 2023 – Jan 6, 2024",1703980800,Guatemala,GT,Netflix,75
"Aug 29 – Sep 4, 2021",1630195200,Canada,CA,Netflix,70
"Sep 5 – 11, 2021",1630800000,Canada,CA,Netflix,71
"Sep 12 – 18, 2021",1631404800,Canada,CA,Netflix,64
"Sep 19 – 25, 2021",1632009600,Canada,CA,Netflix,67
"Sep 26 – Oct 2, 2021",1632614400,Canada,CA,Netflix,73
"Oct 3 – 9, 2021",1633219200,Canada,CA,Netflix,79
"Oct 10 – 16, 2021",1633824000,Canada,CA,Netflix,82
"Oct 17 – 23, 2021",1634428800,Canada,CA,Netflix,77
"Oct 24 – 30, 2021",1635033600,Canada,CA,Netflix,69
"Oct 31 – Nov 6, 2021",1635638400,Canada,CA,Netflix,70
"Nov 7 – 13, 2021",1636243200,Canada,CA,Netflix,69
"Nov 14 – 20, 2021",1636848000,Canada,CA,Netflix,65
"Nov 21 – 27, 2021",1637452800,Canada,CA,Netflix,68
"Nov 28 – Dec 4, 2021",1638057600,Canada,CA,Netflix,67
"Dec 5 – 11, 2021",1638662400,Canada,CA,Netflix,68
"Dec 12 – 18, 2021",1639267200,Canada,CA,Netflix,69
"Dec 19 – 25, 2021",1639872000,Canada,CA,Netflix,79
"Dec 26, 2021 – Jan 1, 2022",1640476800,Canada,CA,Netflix,96
"Jan 2 – 8, 2022",1641081600,Canada,CA,Netflix,96
"Jan 9 – 15, 2022",1641686400,Canada,CA,Netflix,89
"Jan 16 – 22, 2022",1642291200,Canada,CA,Netflix,85
"Jan 23 – 29, 2022",1642896000,Canada,CA,Netflix,78
"Jan 30 – Feb 5, 2022",1643500800,Canada,CA,Netflix,79
"Feb 6 – 12, 2022",1644105600,Canada,CA,Netflix,77
"Feb 13 – 19, 2022",1644710400,Canada,CA,Netflix,70
"Feb 20 – 26, 2022",1645315200,Canada,CA,Netflix,72
"Feb 27 – Mar 5, 2022",1645920000,Canada,CA,Netflix,70
"Mar 6 – 12, 2022",1646524800,Canada,CA,Netflix,66
"Mar 13 – 19, 2022",1647129600,Canada,CA,Netflix,68
"Mar 20 – 26, 2022",1647734400,Canada,CA,Netflix,72
"Mar 27 – Apr 2, 2022",1648339200,Canada,CA,Netflix,64
"Apr 3 – 9, 2022",1648944000,Canada,CA,Netflix,63
"Apr 10 – 16, 2022",1649548800,Canada,CA,Netflix,68
"Apr 17 – 23, 2022",1650153600,Canada,CA,Netflix,87
"Apr 24 – 30, 2022",1650758400,Canada,CA,Netflix,68
"May 1 – 7, 2022",1651363200,Canada,CA,Netflix,64
"May 8 – 14, 2022",1651968000,Canada,CA,Netflix,60
"May 15 – 21, 2022",1652572800,Canada,CA,Netflix,66
"May 22 – 28, 2022",1653177600,Canada,CA,Netflix,66
"May 29 – Jun 4, 2022",1653782400,Canada,CA,Netflix,63
"Jun 5 – 11, 2022",1654387200,Canada,CA,Netflix,67
"Jun 12 – 18, 2022",1654992000,Canada,CA,Netflix,68
"Jun 19 – 25, 2022",1655596800,Canada,CA,Netflix,68
"Jun 26 – Jul 2, 2022",1656201600,Canada,CA,Netflix,67
"Jul 3 – 9, 2022",1656806400,Canada,CA,Netflix,65
"Jul 10 – 16, 2022",1657411200,Canada,CA,Netflix,66
"Jul 17 – 23, 2022",1658016000,Canada,CA,Netflix,74
"Jul 24 – 30, 2022",1658620800,Canada,CA,Netflix,70
"Jul 31 – Aug 6, 2022",1659225600,Canada,CA,Netflix,75
"Aug 7 – 13, 2022",1659830400,Canada,CA,Netflix,74
"Aug 14 – 20, 2022",1660435200,Canada,CA,Netflix,70
"Aug 21 – 27, 2022",1661040000,Canada,CA,Netflix,72
"Aug 28 – Sep 3, 2022",1661644800,Canada,CA,Netflix,72
"Sep 4 – 10, 2022",1662249600,Canada,CA,Netflix,68
"Sep 11 – 17, 2022",1662854400,Canada,CA,Netflix,66
"Sep 18 – 24, 2022",1663459200,Canada,CA,Netflix,76
"Sep 25 – Oct 1, 2022",1664064000,Canada,CA,Netflix,81
"Oct 2 – 8, 2022",1664668800,Canada,CA,Netflix,70
"Oct 9 – 15, 2022",1665273600,Canada,CA,Netflix,77
"Oct 16 – 22, 2022",1665878400,Canada,CA,Netflix,74
"Oct 23 – 29, 2022",1666483200,Canada,CA,Netflix,69
"Oct 30 – Nov 5, 2022",1667088000,Canada,CA,Netflix,74
"Nov 6 – 12, 2022",1667692800,Canada,CA,Netflix,68
"Nov 13 – 19, 2022",1668297600,Canada,CA,Netflix,67
"Nov 20 – 26, 2022",1668902400,Canada,CA,Netflix,65
"Nov 27 – Dec 3, 2022",1669507200,Canada,CA,Netflix,72
"Dec 4 – 10, 2022",1670112000,Canada,CA,Netflix,73
"Dec 11 – 17, 2022",1670716800,Canada,CA,Netflix,70
"Dec 18 – 24, 2022",1671321600,Canada,CA,Netflix,81
"Dec 25 – 31, 2022",1671926400,Canada,CA,Netflix,91
"Jan 1 – 7, 2023",1672531200,Canada,CA,Netflix,83
"Jan 8 – 14, 2023",1673136000,Canada,CA,Netflix,73
"Jan 15 – 21, 2023",1673740800,Canada,CA,Netflix,70
"Jan 22 – 28, 2023",1674345600,Canada,CA,Netflix,70
"Jan 29 – Feb 4, 2023",1674950400,Canada,CA,Netflix,77
"Feb 5 – 11, 2023",1675555200,Canada,CA,Netflix,100
"Feb 12 – 18, 2023",1676160000,Canada,CA,Netflix,91
"Feb 19 – 25, 2023",1676764800,Canada,CA,Netflix,91
"Feb 26 – Mar 4, 2023",1677369600,Canada,CA,Netflix,70
"Mar 5 – 11, 2023",1677974400,Canada,CA,Netflix,65
"Mar 12 – 18, 2023",1678579200,Canada,CA,Netflix,69
"Mar 19 – 25, 2023",1679184000,Canada,CA,Netflix,63
"Mar 26 – Apr 1, 2023",1679788800,Canada,CA,Netflix,61
"Apr 2 – 8, 2023",1680393600,Canada,CA,Netflix,61
"Apr 9 – 15, 2023",1680998400,Canada,CA,Netflix,64
"Apr 16 – 22, 2023",1681603200,Canada,CA,Netflix,69
"Apr 23 – 29, 2023",1682208000,Canada,CA,Netflix,59
"Apr 30 – May 6, 2023",1682812800,Canada,CA,Netflix,55
"May 7 – 13, 2023",1683417600,Canada,CA,Netflix,53
"May 14 – 20, 2023",1684022400,Canada,CA,Netflix,57
"May 21 – 27, 2023",1684627200,Canada,CA,Netflix,59
"May 28 – Jun 3, 2023",1685232000,Canada,CA,Netflix,53
"Jun 4 – 10, 2023",1685836800,Canada,CA,Netflix,56
"Jun 11 – 17, 2023",1686441600,Canada,CA,Netflix,59
"Jun 18 – 24, 2023",1687046400,Canada,CA,Netflix,59
"Jun 25 – Jul 1, 2023",1687651200,Canada,CA,Netflix,59
"Jul 2 – 8, 2023",1688256000,Canada,CA,Netflix,59
"Jul 9 – 15, 2023",1688860800,Canada,CA,Netflix,58
"Jul 16 – 22, 2023",1689465600,Canada,CA,Netflix,59
"Jul 23 – 29, 2023",1690070400,Canada,CA,Netflix,57
"Jul 30 – Aug 5, 2023",1690675200,Canada,CA,Netflix,61
"Aug 6 – 12, 2023",1691280000,Canada,CA,Netflix,64
"Aug 13 – 19, 2023",1691884800,Canada,CA,Netflix,60
"Aug 20 – 26, 2023",1692489600,Canada,CA,Netflix,58
"Aug 27 – Sep 2, 2023",1693094400,Canada,CA,Netflix,59
"Sep 3 – 9, 2023",1693699200,Canada,CA,Netflix,65
"Sep 10 – 16, 2023",1694304000,Canada,CA,Netflix,57
"Sep 17 – 23, 2023",1694908800,Canada,CA,Netflix,61
"Sep 24 – 30, 2023",1695513600,Canada,CA,Netflix,57
"Oct 1 – 7, 2023",1696118400,Canada,CA,Netflix,57
"Oct 8 – 14, 2023",1696723200,Canada,CA,Netflix,63
"Oct 15 – 21, 2023",1697328000,Canada,CA,Netflix,62
"Oct 22 – 28, 2023",1697932800,Canada,CA,Netflix,59
"Oct 29 – Nov 4, 2023",1698537600,Canada,CA,Netflix,58
"Nov 5 – 11, 2023",1699142400,Canada,CA,Netflix,62
"Nov 12 – 18, 2023",1699747200,Canada,CA,Netflix,60
"Nov 19 – 25, 2023",1700352000,Canada,CA,Netflix,59
"Nov 26 – Dec 2, 2023",1700956800,Canada,CA,Netflix,62
"Dec 3 – 9, 2023",1701561600,Canada,CA,Netflix,61
"Dec 10 – 16, 2023",1702166400,Canada,CA,Netflix,67
"Dec 17 – 23, 2023",1702771200,Canada,CA,Netflix,68
"Dec 24 – 30, 2023",1703376000,Canada,CA,Netflix,79
"Dec 31, 2023 – Jan 6, 2024",1703980800,Canada,CA,Netflix,80
"Aug 29 – Sep 4, 2021",1630195200,Canada,CA,cancel Netflix,21
"Sep 5 – 11, 2021",1630800000,Canada,CA,cancel Netflix,15
"Sep 12 – 18, 2021",1631404800,Canada,CA,cancel Netflix,13
"Sep 19 – 25, 2021",1632009600,Canada,CA,cancel Netflix,18
"Sep 26 – Oct 2, 2021",1632614400,Canada,CA,cancel Netflix,15
"Oct 3 – 9, 2021",1633219200,Canada,CA,cancel Netflix,17
"Oct 10 – 16, 2021",1633824000,Canada,CA,cancel Netflix,15
"Oct 17 – 23, 2021",1634428800,Canada,CA,cancel Netflix,13
"Oct 24 – 30, 2021",1635033600,Canada,CA,cancel Netflix,10
"Oct 31 – Nov 6, 2021",1635638400,Canada,CA,cancel Netflix,15
"Nov 7 – 13, 2021",1636243200,Canada,CA,cancel Netflix,16
"Nov 14 – 20, 2021",1636848000,Canada,CA,cancel Netflix,13
"Nov 21 – 27, 2021",1637452800,Canada,CA,cancel Netflix,17
"Nov 28 – Dec 4, 2021",1638057600,Canada,CA,cancel Netflix,18
"Dec 5 – 11, 2021",1638662400,Canada,CA,cancel Netflix,10
"Dec 12 – 18, 2021",1639267200,Canada,CA,cancel Netflix,17
"Dec 19 – 25, 2021",1639872000,Canada,CA,cancel Netflix,12
"Dec 26, 2021 – Jan 1, 2022",1640476800,Canada,CA,cancel Netflix,18
"Jan 2 – 8, 2022",1641081600,Canada,CA,cancel Netflix,21
"Jan 9 – 15, 2022",1641686400,Canada,CA,cancel Netflix,18
"Jan 16 – 22, 2022",1642291200,Canada,CA,cancel Netflix,28
"Jan 23 – 29, 2022",1642896000,Canada,CA,cancel Netflix,17
"Jan 30 – Feb 5, 2022",1643500800,Canada,CA,cancel Netflix,27
"Feb 6 – 12, 2022",1644105600,Canada,CA,cancel Netflix,25
"Feb 13 – 19, 2022",1644710400,Canada,CA,cancel Netflix,22
"Feb 20 – 26, 2022",1645315200,Canada,CA,cancel Netflix,20
"Feb 27 – Mar 5, 2022",1645920000,Canada,CA,cancel Netflix,21
"Mar 6 – 12, 2022",1646524800,Canada,CA,cancel Netflix,21
"Mar 13 – 19, 2022",1647129600,Canada,CA,cancel Netflix,20
"Mar 20 – 26, 2022",1647734400,Canada,CA,cancel Netflix,24
"Mar 27 – Apr 2, 2022",1648339200,Canada,CA,cancel Netflix,19
"Apr 3 – 9, 2022",1648944000,Canada,CA,cancel Netflix,17
"Apr 10 – 16, 2022",1649548800,Canada,CA,cancel Netflix,18
"Apr 17 – 23, 2022",1650153600,Canada,CA,cancel Netflix,37
"Apr 24 – 30, 2022",1650758400,Canada,CA,cancel Netflix,36
"May 1 – 7, 2022",1651363200,Canada,CA,cancel Netflix,31
"May 8 – 14, 2022",1651968000,Canada,CA,cancel Netflix,20
"May 15 – 21, 2022",1652572800,Canada,CA,cancel Netflix,23
"May 22 – 28, 2022",1653177600,Canada,CA,cancel Netflix,23
"May 29 – Jun 4, 2022",1653782400,Canada,CA,cancel Netflix,21
"Jun 5 – 11, 2022",1654387200,Canada,CA,cancel Netflix,24
"Jun 12 – 18, 2022",1654992000,Canada,CA,cancel Netflix,18
"Jun 19 – 25, 2022",1655596800,Canada,CA,cancel Netflix,21
"Jun 26 – Jul 2, 2022",1656201600,Canada,CA,cancel Netflix,22
"Jul 3 – 9, 2022",1656806400,Canada,CA,cancel Netflix,18
"Jul 10 – 16, 2022",1657411200,Canada,CA,cancel Netflix,21
"Jul 17 – 23, 2022",1658016000,Canada,CA,cancel Netflix,26
"Jul 24 – 30, 2022",1658620800,Canada,CA,cancel Netflix,18
"Jul 31 – Aug 6, 2022",1659225600,Canada,CA,cancel Netflix,21
"Aug 7 – 13, 2022",1659830400,Canada,CA,cancel Netflix,19
"Aug 14 – 20, 2022",1660435200,Canada,CA,cancel Netflix,26
"Aug 21 – 27, 2022",1661040000,Canada,CA,cancel Netflix,18
"Aug 28 – Sep 3, 2022",1661644800,Canada,CA,cancel Netflix,16
"Sep 4 – 10, 2022",1662249600,Canada,CA,cancel Netflix,24
"Sep 11 – 17, 2022",1662854400,Canada,CA,cancel Netflix,16
"Sep 18 – 24, 2022",1663459200,Canada,CA,cancel Netflix,19
"Sep 25 – Oct 1, 2022",1664064000,Canada,CA,cancel Netflix,17
"Oct 2 – 8, 2022",1664668800,Canada,CA,cancel Netflix,14
"Oct 9 – 15, 2022",1665273600,Canada,CA,cancel Netflix,19
"Oct 16 – 22, 2022",1665878400,Canada,CA,cancel Netflix,18
"Oct 23 – 29, 2022",1666483200,Canada,CA,cancel Netflix,16
"Oct 30 – Nov 5, 2022",1667088000,Canada,CA,cancel Netflix,26
"Nov 6 – 12, 2022",1667692800,Canada,CA,cancel Netflix,17
"Nov 13 – 19, 2022",1668297600,Canada,CA,cancel Netflix,15
"Nov 20 – 26, 2022",1668902400,Canada,CA,cancel Netflix,18
"Nov 27 – Dec 3, 2022",1669507200,Canada,CA,cancel Netflix,20
"Dec 4 – 10, 2022",1670112000,Canada,CA,cancel Netflix,15
"Dec 11 – 17, 2022",1670716800,Canada,CA,cancel Netflix,16
"Dec 18 – 24, 2022",1671321600,Canada,CA,cancel Netflix,17
"Dec 25 – 31, 2022",1671926400,Canada,CA,cancel Netflix,27
"Jan 1 – 7, 2023",1672531200,Canada,CA,cancel Netflix,26
"Jan 8 – 14, 2023",1673136000,Canada,CA,cancel Netflix,22
"Jan 15 – 21, 2023",1673740800,Canada,CA,cancel Netflix,24
"Jan 22 – 28, 2023",1674345600,Canada,CA,cancel Netflix,21
"Jan 29 – Feb 4, 2023",1674950400,Canada,CA,cancel Netflix,25
"Feb 5 – 11, 2023",1675555200,Canada,CA,cancel Netflix,100
"Feb 12 – 18, 2023",1676160000,Canada,CA,cancel Netflix,100
"Feb 19 – 25, 2023",1676764800,Canada,CA,cancel Netflix,90
"Feb 26 – Mar 4, 2023",1677369600,Canada,CA,cancel Netflix,45
"Mar 5 – 11, 2023",1677974400,Canada,CA,cancel Netflix,32
"Mar 12 – 18, 2023",1678579200,Canada,CA,cancel Netflix,37
"Mar 19 – 25, 2023",1679184000,Canada,CA,cancel Netflix,33
"Mar 26 – Apr 1, 2023",1679788800,Canada,CA,cancel Netflix,30
"Apr 2 – 8, 2023",1680393600,Canada,CA,cancel Netflix,19
"Apr 9 – 15, 2023",1680998400,Canada,CA,cancel Netflix,21
"Apr 16 – 22, 2023",1681603200,Canada,CA,cancel Netflix,24
"Apr 23 – 29, 2023",1682208000,Canada,CA,cancel Netflix,19
"Apr 30 – May 6, 2023",1682812800,Canada,CA,cancel Netflix,21
"May 7 – 13, 2023",1683417600,Canada,CA,cancel Netflix,22
"May 14 – 20, 2023",1684022400,Canada,CA,cancel Netflix,22
"May 21 – 27, 2023",1684627200,Canada,CA,cancel Netflix,22
"May 28 – Jun 3, 2023",1685232000,Canada,CA,cancel Netflix,18
"Jun 4 – 10, 2023",1685836800,Canada,CA,cancel Netflix,21
"Jun 11 – 17, 2023",1686441600,Canada,CA,cancel Netflix,19
"Jun 18 – 24, 2023",1687046400,Canada,CA,cancel Netflix,22
"Jun 25 – Jul 1, 2023",1687651200,Canada,CA,cancel Netflix,19
"Jul 2 – 8, 2023",1688256000,Canada,CA,cancel Netflix,17
"Jul 9 – 15, 2023",1688860800,Canada,CA,cancel Netflix,15
"Jul 16 – 22, 2023",1689465600,Canada,CA,cancel Netflix,17
"Jul 23 – 29, 2023",1690070400,Canada,CA,cancel Netflix,17
"Jul 30 – Aug 5, 2023",1690675200,Canada,CA,cancel Netflix,24
"Aug 6 – 12, 2023",1691280000,Canada,CA,cancel Netflix,17
"Aug 13 – 19, 2023",1691884800,Canada,CA,cancel Netflix,13
"Aug 20 – 26, 2023",1692489600,Canada,CA,cancel Netflix,17
"Aug 27 – Sep 2, 2023",1693094400,Canada,CA,cancel Netflix,22
"Sep 3 – 9, 2023",1693699200,Canada,CA,cancel Netflix,15
"Sep 10 – 16, 2023",1694304000,Canada,CA,cancel Netflix,15
"Sep 17 – 23, 2023",1694908800,Canada,CA,cancel Netflix,20
"Sep 24 – 30, 2023",1695513600,Canada,CA,cancel Netflix,15
"Oct 1 – 7, 2023",1696118400,Canada,CA,cancel Netflix,18
"Oct 8 – 14, 2023",1696723200,Canada,CA,cancel Netflix,15
"Oct 15 – 21, 2023",1697328000,Canada,CA,cancel Netflix,17
"Oct 22 – 28, 2023",1697932800,Canada,CA,cancel Netflix,18
"Oct 29 – Nov 4, 2023",1698537600,Canada,CA,cancel Netflix,16
"Nov 5 – 11, 2023",1699142400,Canada,CA,cancel Netflix,18
"Nov 12 – 18, 2023",1699747200,Canada,CA,cancel Netflix,17
"Nov 19 – 25, 2023",1700352000,Canada,CA,cancel Netflix,25
"Nov 26 – Dec 2, 2023",1700956800,Canada,CA,cancel Netflix,18
"Dec 3 – 9, 2023",1701561600,Canada,CA,cancel Netflix,16
"Dec 10 – 16, 2023",1702166400,Canada,CA,cancel Netflix,15
"Dec 17 – 23, 2023",1702771200,Canada,CA,cancel Netflix,20
"Dec 24 – 30, 2023",1703376000,Canada,CA,cancel Netflix,16
"Dec 31, 2023 – Jan 6, 2024",1703980800,Canada,CA,cancel Netflix,20
"Aug 29 – Sep 4, 2021",1630195200,Spain,ES,Netflix,59
"Sep 5 – 11, 2021",1630800000,Spain,ES,Netflix,56
"Sep 12 – 18, 2021",1631404800,Spain,ES,Netflix,49
"Sep 19 – 25, 2021",1632009600,Spain,ES,Netflix,50
"Sep 26 – Oct 2, 2021",1632614400,Spain,ES,Netflix,56
"Oct 3 – 9, 2021",1633219200,Spain,ES,Netflix,52
"Oct 10 – 16, 2021",1633824000,Spain,ES,Netflix,64
"Oct 17 – 23, 2021",1634428800,Spain,ES,Netflix,54
"Oct 24 – 30, 2021",1635033600,Spain,ES,Netflix,59
"Oct 31 – Nov 6, 2021",1635638400,Spain,ES,Netflix,61
"Nov 7 – 13, 2021",1636243200,Spain,ES,Netflix,53
"Nov 14 – 20, 2021",1636848000,Spain,ES,Netflix,54
"Nov 21 – 27, 2021",1637452800,Spain,ES,Netflix,52
"Nov 28 – Dec 4, 2021",1638057600,Spain,ES,Netflix,54
"Dec 5 – 11, 2021",1638662400,Spain,ES,Netflix,68
"Dec 12 – 18, 2021",1639267200,Spain,ES,Netflix,56
"Dec 19 – 25, 2021",1639872000,Spain,ES,Netflix,68
"Dec 26, 2021 – Jan 1, 2022",1640476800,Spain,ES,Netflix,86
"Jan 2 – 8, 2022",1641081600,Spain,ES,Netflix,84
"Jan 9 – 15, 2022",1641686400,Spain,ES,Netflix,65
"Jan 16 – 22, 2022",1642291200,Spain,ES,Netflix,62
"Jan 23 – 29, 2022",1642896000,Spain,ES,Netflix,66
"Jan 30 – Feb 5, 2022",1643500800,Spain,ES,Netflix,66
"Feb 6 – 12, 2022",1644105600,Spain,ES,Netflix,62
"Feb 13 – 19, 2022",1644710400,Spain,ES,Netflix,60
"Feb 20 – 26, 2022",1645315200,Spain,ES,Netflix,56
"Feb 27 – Mar 5, 2022",1645920000,Spain,ES,Netflix,56
"Mar 6 – 12, 2022",1646524800,Spain,ES,Netflix,54
"Mar 13 – 19, 2022",1647129600,Spain,ES,Netflix,54
"Mar 20 – 26, 2022",1647734400,Spain,ES,Netflix,56
"Mar 27 – Apr 2, 2022",1648339200,Spain,ES,Netflix,55
"Apr 3 – 9, 2022",1648944000,Spain,ES,Netflix,53
"Apr 10 – 16, 2022",1649548800,Spain,ES,Netflix,61
"Apr 17 – 23, 2022",1650153600,Spain,ES,Netflix,56
"Apr 24 – 30, 2022",1650758400,Spain,ES,Netflix,49
"May 1 – 7, 2022",1651363200,Spain,ES,Netflix,47
"May 8 – 14, 2022",1651968000,Spain,ES,Netflix,45
"May 15 – 21, 2022",1652572800,Spain,ES,Netflix,45
"May 22 – 28, 2022",1653177600,Spain,ES,Netflix,46
"May 29 – Jun 4, 2022",1653782400,Spain,ES,Netflix,46
"Jun 5 – 11, 2022",1654387200,Spain,ES,Netflix,49
"Jun 12 – 18, 2022",1654992000,Spain,ES,Netflix,49
"Jun 19 – 25, 2022",1655596800,Spain,ES,Netflix,50
"Jun 26 – Jul 2, 2022",1656201600,Spain,ES,Netflix,50
"Jul 3 – 9, 2022",1656806400,Spain,ES,Netflix,49
"Jul 10 – 16, 2022",1657411200,Spain,ES,Netflix,52
"Jul 17 – 23, 2022",1658016000,Spain,ES,Netflix,54
"Jul 24 – 30, 2022",1658620800,Spain,ES,Netflix,56
"Jul 31 – Aug 6, 2022",1659225600,Spain,ES,Netflix,60
"Aug 7 – 13, 2022",1659830400,Spain,ES,Netflix,54
"Aug 14 – 20, 2022",1660435200,Spain,ES,Netflix,61
"Aug 21 – 27, 2022",1661040000,Spain,ES,Netflix,62
"Aug 28 – Sep 3, 2022",1661644800,Spain,ES,Netflix,54
"Sep 4 – 10, 2022",1662249600,Spain,ES,Netflix,52
"Sep 11 – 17, 2022",1662854400,Spain,ES,Netflix,51
"Sep 18 – 24, 2022",1663459200,Spain,ES,Netflix,52
"Sep 25 – Oct 1, 2022",1664064000,Spain,ES,Netflix,60
"Oct 2 – 8, 2022",1664668800,Spain,ES,Netflix,51
"Oct 9 – 15, 2022",1665273600,Spain,ES,Netflix,58
"Oct 16 – 22, 2022",1665878400,Spain,ES,Netflix,57
"Oct 23 – 29, 2022",1666483200,Spain,ES,Netflix,53
"Oct 30 – Nov 5, 2022",1667088000,Spain,ES,Netflix,64
"Nov 6 – 12, 2022",1667692800,Spain,ES,Netflix,55
"Nov 13 – 19, 2022",1668297600,Spain,ES,Netflix,57
"Nov 20 – 26, 2022",1668902400,Spain,ES,Netflix,49
"Nov 27 – Dec 3, 2022",1669507200,Spain,ES,Netflix,50
"Dec 4 – 10, 2022",1670112000,Spain,ES,Netflix,66
"Dec 11 – 17, 2022",1670716800,Spain,ES,Netflix,54
"Dec 18 – 24, 2022",1671321600,Spain,ES,Netflix,56
"Dec 25 – 31, 2022",1671926400,Spain,ES,Netflix,66
"Jan 1 – 7, 2023",1672531200,Spain,ES,Netflix,72
"Jan 8 – 14, 2023",1673136000,Spain,ES,Netflix,56
"Jan 15 – 21, 2023",1673740800,Spain,ES,Netflix,55
"Jan 22 – 28, 2023",1674345600,Spain,ES,Netflix,61
"Jan 29 – Feb 4, 2023",1674950400,Spain,ES,Netflix,62
"Feb 5 – 11, 2023",1675555200,Spain,ES,Netflix,100
"Feb 12 – 18, 2023",1676160000,Spain,ES,Netflix,83
"Feb 19 – 25, 2023",1676764800,Spain,ES,Netflix,73
"Feb 26 – Mar 4, 2023",1677369600,Spain,ES,Netflix,56
"Mar 5 – 11, 2023",1677974400,Spain,ES,Netflix,48
"Mar 12 – 18, 2023",1678579200,Spain,ES,Netflix,52
"Mar 19 – 25, 2023",1679184000,Spain,ES,Netflix,49
"Mar 26 – Apr 1, 2023",1679788800,Spain,ES,Netflix,48
"Apr 2 – 8, 2023",1680393600,Spain,ES,Netflix,51
"Apr 9 – 15, 2023",1680998400,Spain,ES,Netflix,45
"Apr 16 – 22, 2023",1681603200,Spain,ES,Netflix,43
"Apr 23 – 29, 2023",1682208000,Spain,ES,Netflix,42
"Apr 30 – May 6, 2023",1682812800,Spain,ES,Netflix,45
"May 7 – 13, 2023",1683417600,Spain,ES,Netflix,41
"May 14 – 20, 2023",1684022400,Spain,ES,Netflix,46
"May 21 – 27, 2023",1684627200,Spain,ES,Netflix,47
"May 28 – Jun 3, 2023",1685232000,Spain,ES,Netflix,41
"Jun 4 – 10, 2023",1685836800,Spain,ES,Netflix,45
"Jun 11 – 17, 2023",1686441600,Spain,ES,Netflix,46
"Jun 18 – 24, 2023",1687046400,Spain,ES,Netflix,47
"Jun 25 – Jul 1, 2023",1687651200,Spain,ES,Netflix,45
"Jul 2 – 8, 2023",1688256000,Spain,ES,Netflix,45
"Jul 9 – 15, 2023",1688860800,Spain,ES,Netflix,44
"Jul 16 – 22, 2023",1689465600,Spain,ES,Netflix,43
"Jul 23 – 29, 2023",1690070400,Spain,ES,Netflix,43
"Jul 30 – Aug 5, 2023",1690675200,Spain,ES,Netflix,50
"Aug 6 – 12, 2023",1691280000,Spain,ES,Netflix,49
"Aug 13 – 19, 2023",1691884800,Spain,ES,Netflix,49
"Aug 20 – 26, 2023",1692489600,Spain,ES,Netflix,47
"Aug 27 – Sep 2, 2023",1693094400,Spain,ES,Netflix,55
"Sep 3 – 9, 2023",1693699200,Spain,ES,Netflix,54
"Sep 10 – 16, 2023",1694304000,Spain,ES,Netflix,50
"Sep 17 – 23, 2023",1694908800,Spain,ES,Netflix,50
"Sep 24 – 30, 2023",1695513600,Spain,ES,Netflix,47
"Oct 1 – 7, 2023",1696118400,Spain,ES,Netflix,44
"Oct 8 – 14, 2023",1696723200,Spain,ES,Netflix,51
"Oct 15 – 21, 2023",1697328000,Spain,ES,Netflix,49
"Oct 22 – 28, 2023",1697932800,Spain,ES,Netflix,46
"Oct 29 – Nov 4, 2023",1698537600,Spain,ES,Netflix,51
"Nov 5 – 11, 2023",1699142400,Spain,ES,Netflix,46
"Nov 12 – 18, 2023",1699747200,Spain,ES,Netflix,44
"Nov 19 – 25, 2023",1700352000,Spain,ES,Netflix,46
"Nov 26 – Dec 2, 2023",1700956800,Spain,ES,Netflix,41
"Dec 3 – 9, 2023",1701561600,Spain,ES,Netflix,58
"Dec 10 – 16, 2023",1702166400,Spain,ES,Netflix,48
"Dec 17 – 23, 2023",1702771200,Spain,ES,Netflix,48
"Dec 24 – 30, 2023",1703376000,Spain,ES,Netflix,63
"Dec 31, 2023 – Jan 6, 2024",1703980800,Spain,ES,Netflix,62
"Aug 29 – Sep 4, 2021",1630195200,Spain,ES,cancel Netflix,0
"Sep 5 – 11, 2021",1630800000,Spain,ES,cancel Netflix,0
"Sep 12 – 18, 2021",1631404800,Spain,ES,cancel Netflix,0
"Sep 19 – 25, 2021",1632009600,Spain,ES,cancel Netflix,0
"Sep 26 – Oct 2, 2021",1632614400,Spain,ES,cancel Netflix,0
"Oct 3 – 9, 2021",1633219200,Spain,ES,cancel Netflix,0
"Oct 10 – 16, 2021",1633824000,Spain,ES,cancel Netflix,0
"Oct 17 – 23, 2021",1634428800,Spain,ES,cancel Netflix,0
"Oct 24 – 30, 2021",1635033600,Spain,ES,cancel Netflix,0
"Oct 31 – Nov 6, 2021",1635638400,Spain,ES,cancel Netflix,0
"Nov 7 – 13, 2021",1636243200,Spain,ES,cancel Netflix,0
"Nov 14 – 20, 2021",1636848000,Spain,ES,cancel Netflix,0
"Nov 21 – 27, 2021",1637452800,Spain,ES,cancel Netflix,0
"Nov 28 – Dec 4, 2021",1638057600,Spain,ES,cancel Netflix,0
"Dec 5 – 11, 2021",1638662400,Spain,ES,cancel Netflix,0
"Dec 12 – 18, 2021",1639267200,Spain,ES,cancel Netflix,0
"Dec 19 – 25, 2021",1639872000,Spain,ES,cancel Netflix,0
"Dec 26, 2021 – Jan 1, 2022",1640476800,Spain,ES,cancel Netflix,0
"Jan 2 – 8, 2022",1641081600,Spain,ES,cancel Netflix,0
"Jan 9 – 15, 2022",1641686400,Spain,ES,cancel Netflix,0
"Jan 16 – 22, 2022",1642291200,Spain,ES,cancel Netflix,0
"Jan 23 – 29, 2022",1642896000,Spain,ES,cancel Netflix,0
"Jan 30 – Feb 5, 2022",1643500800,Spain,ES,cancel Netflix,0
"Feb 6 – 12, 2022",1644105600,Spain,ES,cancel Netflix,0
"Feb 13 – 19, 2022",1644710400,Spain,ES,cancel Netflix,0
"Feb 20 – 26, 2022",1645315200,Spain,ES,cancel Netflix,0
"Feb 27 – Mar 5, 2022",1645920000,Spain,ES,cancel Netflix,0
"Mar 6 – 12, 2022",1646524800,Spain,ES,cancel Netflix,0
"Mar 13 – 19, 2022",1647129600,Spain,ES,cancel Netflix,0
"Mar 20 – 26, 2022",1647734400,Spain,ES,cancel Netflix,0
"Mar 27 – Apr 2, 2022",1648339200,Spain,ES,cancel Netflix,0
"Apr 3 – 9, 2022",1648944000,Spain,ES,cancel Netflix,0
"Apr 10 – 16, 2022",1649548800,Spain,ES,cancel Netflix,0
"Apr 17 – 23, 2022",1650153600,Spain,ES,cancel Netflix,0
"Apr 24 – 30, 2022",1650758400,Spain,ES,cancel Netflix,0
"May 1 – 7, 2022",1651363200,Spain,ES,cancel Netflix,81
"May 8 – 14, 2022",1651968000,Spain,ES,cancel Netflix,0
"May 15 – 21, 2022",1652572800,Spain,ES,cancel Netflix,0
"May 22 – 28, 2022",1653177600,Spain,ES,cancel Netflix,0
"May 29 – Jun 4, 2022",1653782400,Spain,ES,cancel Netflix,0
"Jun 5 – 11, 2022",1654387200,Spain,ES,cancel Netflix,0
"Jun 12 – 18, 2022",1654992000,Spain,ES,cancel Netflix,0
"Jun 19 – 25, 2022",1655596800,Spain,ES,cancel Netflix,0
"Jun 26 – Jul 2, 2022",1656201600,Spain,ES,cancel Netflix,0
"Jul 3 – 9, 2022",1656806400,Spain,ES,cancel Netflix,0
"Jul 10 – 16, 2022",1657411200,Spain,ES,cancel Netflix,0
"Jul 17 – 23, 2022",1658016000,Spain,ES,cancel Netflix,0
"Jul 24 – 30, 2022",1658620800,Spain,ES,cancel Netflix,100
"Jul 31 – Aug 6, 2022",1659225600,Spain,ES,cancel Netflix,0
"Aug 7 – 13, 2022",1659830400,Spain,ES,cancel Netflix,0
"Aug 14 – 20, 2022",1660435200,Spain,ES,cancel Netflix,0
"Aug 21 – 27, 2022",1661040000,Spain,ES,cancel Netflix,0
"Aug 28 – Sep 3, 2022",1661644800,Spain,ES,cancel Netflix,0
"Sep 4 – 10, 2022",1662249600,Spain,ES,cancel Netflix,0
"Sep 11 – 17, 2022",1662854400,Spain,ES,cancel Netflix,0
"Sep 18 – 24, 2022",1663459200,Spain,ES,cancel Netflix,0
"Sep 25 – Oct 1, 2022",1664064000,Spain,ES,cancel Netflix,0
"Oct 2 – 8, 2022",1664668800,Spain,ES,cancel Netflix,0
"Oct 9 – 15, 2022",1665273600,Spain,ES,cancel Netflix,0
"Oct 16 – 22, 2022",1665878400,Spain,ES,cancel Netflix,0
"Oct 23 – 29, 2022",1666483200,Spain,ES,cancel Netflix,0
"Oct 30 – Nov 5, 2022",1667088000,Spain,ES,cancel Netflix,0
"Nov 6 – 12, 2022",1667692800,Spain,ES,cancel Netflix,0
"Nov 13 – 19, 2022",1668297600,Spain,ES,cancel Netflix,0
"Nov 20 – 26, 2022",1668902400,Spain,ES,cancel Netflix,0
"Nov 27 – Dec 3, 2022",1669507200,Spain,ES,cancel Netflix,0
"Dec 4 – 10, 2022",1670112000,Spain,ES,cancel Netflix,0
"Dec 11 – 17, 2022",1670716800,Spain,ES,cancel Netflix,0
"Dec 18 – 24, 2022",1671321600,Spain,ES,cancel Netflix,0
"Dec 25 – 31, 2022",1671926400,Spain,ES,cancel Netflix,0
"Jan 1 – 7, 2023",1672531200,Spain,ES,cancel Netflix,0
"Jan 8 – 14, 2023",1673136000,Spain,ES,cancel Netflix,0
"Jan 15 – 21, 2023",1673740800,Spain,ES,cancel Netflix,0
"Jan 22 – 28, 2023",1674345600,Spain,ES,cancel Netflix,0
"Jan 29 – Feb 4, 2023",1674950400,Spain,ES,cancel Netflix,0
"Feb 5 – 11, 2023",1675555200,Spain,ES,cancel Netflix,0
"Feb 12 – 18, 2023",1676160000,Spain,ES,cancel Netflix,77
"Feb 19 – 25, 2023",1676764800,Spain,ES,cancel Netflix,0
"Feb 26 – Mar 4, 2023",1677369600,Spain,ES,cancel Netflix,0
"Mar 5 – 11, 2023",1677974400,Spain,ES,cancel Netflix,0
"Mar 12 – 18, 2023",1678579200,Spain,ES,cancel Netflix,0
"Mar 19 – 25, 2023",1679184000,Spain,ES,cancel Netflix,0
"Mar 26 – Apr 1, 2023",1679788800,Spain,ES,cancel Netflix,0
"Apr 2 – 8, 2023",1680393600,Spain,ES,cancel Netflix,0
"Apr 9 – 15, 2023",1680998400,Spain,ES,cancel Netflix,0
"Apr 16 – 22, 2023",1681603200,Spain,ES,cancel Netflix,0
"Apr 23 – 29, 2023",1682208000,Spain,ES,cancel Netflix,0
"Apr 30 – May 6, 2023",1682812800,Spain,ES,cancel Netflix,0
"May 7 – 13, 2023",1683417600,Spain,ES,cancel Netflix,0
"May 14 – 20, 2023",1684022400,Spain,ES,cancel Netflix,0
"May 21 – 27, 2023",1684627200,Spain,ES,cancel Netflix,0
"May 28 – Jun 3, 2023",1685232000,Spain,ES,cancel Netflix,0
"Jun 4 – 10, 2023",1685836800,Spain,ES,cancel Netflix,0
"Jun 11 – 17, 2023",1686441600,Spain,ES,cancel Netflix,0
"Jun 18 – 24, 2023",1687046400,Spain,ES,cancel Netflix,0
"Jun 25 – Jul 1, 2023",1687651200,Spain,ES,cancel Netflix,0
"Jul 2 – 8, 2023",1688256000,Spain,ES,cancel Netflix,0
"Jul 9 – 15, 2023",1688860800,Spain,ES,cancel Netflix,0
"Jul 16 – 22, 2023",1689465600,Spain,ES,cancel Netflix,0
"Jul 23 – 29, 2023",1690070400,Spain,ES,cancel Netflix,0
"Jul 30 – Aug 5, 2023",1690675200,Spain,ES,cancel Netflix,0
"Aug 6 – 12, 2023",1691280000,Spain,ES,cancel Netflix,0
"Aug 13 – 19, 2023",1691884800,Spain,ES,cancel Netflix,0
"Aug 20 – 26, 2023",1692489600,Spain,ES,cancel Netflix,0
"Aug 27 – Sep 2, 2023",1693094400,Spain,ES,cancel Netflix,0
"Sep 3 – 9, 2023",1693699200,Spain,ES,cancel Netflix,0
"Sep 10 – 16, 2023",1694304000,Spain,ES,cancel Netflix,0
"Sep 17 – 23, 2023",1694908800,Spain,ES,cancel Netflix,0
"Sep 24 – 30, 2023",1695513600,Spain,ES,cancel Netflix,0
"Oct 1 – 7, 2023",1696118400,Spain,ES,cancel Netflix,0
"Oct 8 – 14, 2023",1696723200,Spain,ES,cancel Netflix,0
"Oct 15 – 21, 2023",1697328000,Spain,ES,cancel Netflix,0
"Oct 22 – 28, 2023",1697932800,Spain,ES,cancel Netflix,0
"Oct 29 – Nov 4, 2023",1698537600,Spain,ES,cancel Netflix,0
"Nov 5 – 11, 2023",1699142400,Spain,ES,cancel Netflix,0
"Nov 12 – 18, 2023",1699747200,Spain,ES,cancel Netflix,0
"Nov 19 – 25, 2023",1700352000,Spain,ES,cancel Netflix,0
"Nov 26 – Dec 2, 2023",1700956800,Spain,ES,cancel Netflix,0
"Dec 3 – 9, 2023",1701561600,Spain,ES,cancel Netflix,0
"Dec 10 – 16, 2023",1702166400,Spain,ES,cancel Netflix,0
"Dec 17 – 23, 2023",1702771200,Spain,ES,cancel Netflix,0
"Dec 24 – 30, 2023",1703376000,Spain,ES,cancel Netflix,0
"Dec 31, 2023 – Jan 6, 2024",1703980800,Spain,ES,cancel Netflix,0
"Aug 29 – Sep 4, 2021",1630195200,United States,US,Netflix,69
"Sep 5 – 11, 2021",1630800000,United States,US,Netflix,71
"Sep 12 – 18, 2021",1631404800,United States,US,Netflix,69
"Sep 19 – 25, 2021",1632009600,United States,US,Netflix,74
"Sep 26 – Oct 2, 2021",1632614400,United States,US,Netflix,79
"Oct 3 – 9, 2021",1633219200,United States,US,Netflix,83
"Oct 10 – 16, 2021",1633824000,United States,US,Netflix,85
"Oct 17 – 23, 2021",1634428800,United States,US,Netflix,82
"Oct 24 – 30, 2021",1635033600,United States,US,Netflix,79
"Oct 31 – Nov 6, 2021",1635638400,United States,US,Netflix,80
"Nov 7 – 13, 2021",1636243200,United States,US,Netflix,75
"Nov 14 – 20, 2021",1636848000,United States,US,Netflix,72
"Nov 21 – 27, 2021",1637452800,United States,US,Netflix,81
"Nov 28 – Dec 4, 2021",1638057600,United States,US,Netflix,72
"Dec 5 – 11, 2021",1638662400,United States,US,Netflix,69
"Dec 12 – 18, 2021",1639267200,United States,US,Netflix,73
"Dec 19 – 25, 2021",1639872000,United States,US,Netflix,81
"Dec 26, 2021 – Jan 1, 2022",1640476800,United States,US,Netflix,92
"Jan 2 – 8, 2022",1641081600,United States,US,Netflix,94
"Jan 9 – 15, 2022",1641686400,United States,US,Netflix,89
"Jan 16 – 22, 2022",1642291200,United States,US,Netflix,86
"Jan 23 – 29, 2022",1642896000,United States,US,Netflix,81
"Jan 30 – Feb 5, 2022",1643500800,United States,US,Netflix,91
"Feb 6 – 12, 2022",1644105600,United States,US,Netflix,78
"Feb 13 – 19, 2022",1644710400,United States,US,Netflix,77
"Feb 20 – 26, 2022",1645315200,United States,US,Netflix,83
"Feb 27 – Mar 5, 2022",1645920000,United States,US,Netflix,76
"Mar 6 – 12, 2022",1646524800,United States,US,Netflix,73
"Mar 13 – 19, 2022",1647129600,United States,US,Netflix,76
"Mar 20 – 26, 2022",1647734400,United States,US,Netflix,76
"Mar 27 – Apr 2, 2022",1648339200,United States,US,Netflix,71
"Apr 3 – 9, 2022",1648944000,United States,US,Netflix,74
"Apr 10 – 16, 2022",1649548800,United States,US,Netflix,75
"Apr 17 – 23, 2022",1650153600,United States,US,Netflix,94
"Apr 24 – 30, 2022",1650758400,United States,US,Netflix,79
"May 1 – 7, 2022",1651363200,United States,US,Netflix,72
"May 8 – 14, 2022",1651968000,United States,US,Netflix,72
"May 15 – 21, 2022",1652572800,United States,US,Netflix,75
"May 22 – 28, 2022",1653177600,United States,US,Netflix,74
"May 29 – Jun 4, 2022",1653782400,United States,US,Netflix,76
"Jun 5 – 11, 2022",1654387200,United States,US,Netflix,79
"Jun 12 – 18, 2022",1654992000,United States,US,Netflix,79
"Jun 19 – 25, 2022",1655596800,United States,US,Netflix,79
"Jun 26 – Jul 2, 2022",1656201600,United States,US,Netflix,80
"Jul 3 – 9, 2022",1656806400,United States,US,Netflix,80
"Jul 10 – 16, 2022",1657411200,United States,US,Netflix,82
"Jul 17 – 23, 2022",1658016000,United States,US,Netflix,84
"Jul 24 – 30, 2022",1658620800,United States,US,Netflix,79
"Jul 31 – Aug 6, 2022",1659225600,United States,US,Netflix,80
"Aug 7 – 13, 2022",1659830400,United States,US,Netflix,80
"Aug 14 – 20, 2022",1660435200,United States,US,Netflix,82
"Aug 21 – 27, 2022",1661040000,United States,US,Netflix,92
"Aug 28 – Sep 3, 2022",1661644800,United States,US,Netflix,75
"Sep 4 – 10, 2022",1662249600,United States,US,Netflix,79
"Sep 11 – 17, 2022",1662854400,United States,US,Netflix,71
"Sep 18 – 24, 2022",1663459200,United States,US,Netflix,81
"Sep 25 – Oct 1, 2022",1664064000,United States,US,Netflix,100
"Oct 2 – 8, 2022",1664668800,United States,US,Netflix,84
"Oct 9 – 15, 2022",1665273600,United States,US,Netflix,82
"Oct 16 – 22, 2022",1665878400,United States,US,Netflix,77
"Oct 23 – 29, 2022",1666483200,United States,US,Netflix,77
"Oct 30 – Nov 5, 2022",1667088000,United States,US,Netflix,75
"Nov 6 – 12, 2022",1667692800,United States,US,Netflix,73
"Nov 13 – 19, 2022",1668297600,United States,US,Netflix,73
"Nov 20 – 26, 2022",1668902400,United States,US,Netflix,89
"Nov 27 – Dec 3, 2022",1669507200,United States,US,Netflix,84
"Dec 4 – 10, 2022",1670112000,United States,US,Netflix,80
"Dec 11 – 17, 2022",1670716800,United States,US,Netflix,81
"Dec 18 – 24, 2022",1671321600,United States,US,Netflix,83
"Dec 25 – 31, 2022",1671926400,United States,US,Netflix,91
"Jan 1 – 7, 2023",1672531200,United States,US,Netflix,84
"Jan 8 – 14, 2023",1673136000,United States,US,Netflix,76
"Jan 15 – 21, 2023",1673740800,United States,US,Netflix,79
"Jan 22 – 28, 2023",1674345600,United States,US,Netflix,72
"Jan 29 – Feb 4, 2023",1674950400,United States,US,Netflix,85
"Feb 5 – 11, 2023",1675555200,United States,US,Netflix,74
"Feb 12 – 18, 2023",1676160000,United States,US,Netflix,69
"Feb 19 – 25, 2023",1676764800,United States,US,Netflix,82
"Feb 26 – Mar 4, 2023",1677369600,United States,US,Netflix,71
"Mar 5 – 11, 2023",1677974400,United States,US,Netflix,73
"Mar 12 – 18, 2023",1678579200,United States,US,Netflix,70
"Mar 19 – 25, 2023",1679184000,United States,US,Netflix,67
"Mar 26 – Apr 1, 2023",1679788800,United States,US,Netflix,69
"Apr 2 – 8, 2023",1680393600,United States,US,Netflix,73
"Apr 9 – 15, 2023",1680998400,United States,US,Netflix,76
"Apr 16 – 22, 2023",1681603200,United States,US,Netflix,82
"Apr 23 – 29, 2023",1682208000,United States,US,Netflix,68
"Apr 30 – May 6, 2023",1682812800,United States,US,Netflix,66
"May 7 – 13, 2023",1683417600,United States,US,Netflix,64
"May 14 – 20, 2023",1684022400,United States,US,Netflix,69
"May 21 – 27, 2023",1684627200,United States,US,Netflix,79
"May 28 – Jun 3, 2023",1685232000,United States,US,Netflix,78
"Jun 4 – 10, 2023",1685836800,United States,US,Netflix,76
"Jun 11 – 17, 2023",1686441600,United States,US,Netflix,70
"Jun 18 – 24, 2023",1687046400,United States,US,Netflix,79
"Jun 25 – Jul 1, 2023",1687651200,United States,US,Netflix,76
"Jul 2 – 8, 2023",1688256000,United States,US,Netflix,78
"Jul 9 – 15, 2023",1688860800,United States,US,Netflix,73
"Jul 16 – 22, 2023",1689465600,United States,US,Netflix,71
"Jul 23 – 29, 2023",1690070400,United States,US,Netflix,68
"Jul 30 – Aug 5, 2023",1690675200,United States,US,Netflix,65
"Aug 6 – 12, 2023",1691280000,United States,US,Netflix,67
"Aug 13 – 19, 2023",1691884800,United States,US,Netflix,67
"Aug 20 – 26, 2023",1692489600,United States,US,Netflix,68
"Aug 27 – Sep 2, 2023",1693094400,United States,US,Netflix,68
"Sep 3 – 9, 2023",1693699200,United States,US,Netflix,74
"Sep 10 – 16, 2023",1694304000,United States,US,Netflix,65
"Sep 17 – 23, 2023",1694908800,United States,US,Netflix,64
"Sep 24 – 30, 2023",1695513600,United States,US,Netflix,62
"Oct 1 – 7, 2023",1696118400,United States,US,Netflix,61
"Oct 8 – 14, 2023",1696723200,United States,US,Netflix,66
"Oct 15 – 21, 2023",1697328000,United States,US,Netflix,64
"Oct 22 – 28, 2023",1697932800,United States,US,Netflix,65
"Oct 29 – Nov 4, 2023",1698537600,United States,US,Netflix,66
"Nov 5 – 11, 2023",1699142400,United States,US,Netflix,66
"Nov 12 – 18, 2023",1699747200,United States,US,Netflix,69
"Nov 19 – 25, 2023",1700352000,United States,US,Netflix,79
"Nov 26 – Dec 2, 2023",1700956800,United States,US,Netflix,74
"Dec 3 – 9, 2023",1701561600,United States,US,Netflix,66
"Dec 10 – 16, 2023",1702166400,United States,US,Netflix,78
"Dec 17 – 23, 2023",1702771200,United States,US,Netflix,73
"Dec 24 – 30, 2023",1703376000,United States,US,Netflix,84
"Dec 31, 2023 – Jan 6, 2024",1703980800,United States,US,Netflix,90
"Aug 29 – Sep 4, 2021",1630195200,United States,US,cancel Netflix,38
"Sep 5 – 11, 2021",1630800000,United States,US,cancel Netflix,32
"Sep 12 – 18, 2021",1631404800,United States,US,cancel Netflix,35
"Sep 19 – 25, 2021",1632009600,United States,US,cancel Netflix,35
"Sep 26 – Oct 2, 2021",1632614400,United States,US,cancel Netflix,31
"Oct 3 – 9, 2021",1633219200,United States,US,cancel Netflix,34
"Oct 10 – 16, 2021",1633824000,United States,US,cancel Netflix,43
"Oct 17 – 23, 2021",1634428800,United States,US,cancel Netflix,36
"Oct 24 – 30, 2021",1635033600,United States,US,cancel Netflix,39
"Oct 31 – Nov 6, 2021",1635638400,United States,US,cancel Netflix,42
"Nov 7 – 13, 2021",1636243200,United States,US,cancel Netflix,41
"Nov 14 – 20, 2021",1636848000,United States,US,cancel Netflix,32
"Nov 21 – 27, 2021",1637452800,United States,US,cancel Netflix,38
"Nov 28 – Dec 4, 2021",1638057600,United States,US,cancel Netflix,37
"Dec 5 – 11, 2021",1638662400,United States,US,cancel Netflix,35
"Dec 12 – 18, 2021",1639267200,United States,US,cancel Netflix,36
"Dec 19 – 25, 2021",1639872000,United States,US,cancel Netflix,44
"Dec 26, 2021 – Jan 1, 2022",1640476800,United States,US,cancel Netflix,50
"Jan 2 – 8, 2022",1641081600,United States,US,cancel Netflix,46
"Jan 9 – 15, 2022",1641686400,United States,US,cancel Netflix,57
"Jan 16 – 22, 2022",1642291200,United States,US,cancel Netflix,58
"Jan 23 – 29, 2022",1642896000,United States,US,cancel Netflix,56
"Jan 30 – Feb 5, 2022",1643500800,United States,US,cancel Netflix,58
"Feb 6 – 12, 2022",1644105600,United States,US,cancel Netflix,52
"Feb 13 – 19, 2022",1644710400,United States,US,cancel Netflix,51
"Feb 20 – 26, 2022",1645315200,United States,US,cancel Netflix,50
"Feb 27 – Mar 5, 2022",1645920000,United States,US,cancel Netflix,58
"Mar 6 – 12, 2022",1646524800,United States,US,cancel Netflix,52
"Mar 13 – 19, 2022",1647129600,United States,US,cancel Netflix,57
"Mar 20 – 26, 2022",1647734400,United States,US,cancel Netflix,48
"Mar 27 – Apr 2, 2022",1648339200,United States,US,cancel Netflix,49
"Apr 3 – 9, 2022",1648944000,United States,US,cancel Netflix,46
"Apr 10 – 16, 2022",1649548800,United States,US,cancel Netflix,42
"Apr 17 – 23, 2022",1650153600,United States,US,cancel Netflix,100
"Apr 24 – 30, 2022",1650758400,United States,US,cancel Netflix,82
"May 1 – 7, 2022",1651363200,United States,US,cancel Netflix,64
"May 8 – 14, 2022",1651968000,United States,US,cancel Netflix,55
"May 15 – 21, 2022",1652572800,United States,US,cancel Netflix,54
"May 22 – 28, 2022",1653177600,United States,US,cancel Netflix,53
"May 29 – Jun 4, 2022",1653782400,United States,US,cancel Netflix,53
"Jun 5 – 11, 2022",1654387200,United States,US,cancel Netflix,46
"Jun 12 – 18, 2022",1654992000,United States,US,cancel Netflix,52
"Jun 19 – 25, 2022",1655596800,United States,US,cancel Netflix,52
"Jun 26 – Jul 2, 2022",1656201600,United States,US,cancel Netflix,54
"Jul 3 – 9, 2022",1656806400,United States,US,cancel Netflix,54
"Jul 10 – 16, 2022",1657411200,United States,US,cancel Netflix,48
"Jul 17 – 23, 2022",1658016000,United States,US,cancel Netflix,53
"Jul 24 – 30, 2022",1658620800,United States,US,cancel Netflix,48
"Jul 31 – Aug 6, 2022",1659225600,United States,US,cancel Netflix,55
"Aug 7 – 13, 2022",1659830400,United States,US,cancel Netflix,47
"Aug 14 – 20, 2022",1660435200,United States,US,cancel Netflix,44
"Aug 21 – 27, 2022",1661040000,United States,US,cancel Netflix,42
"Aug 28 – Sep 3, 2022",1661644800,United States,US,cancel Netflix,44
"Sep 4 – 10, 2022",1662249600,United States,US,cancel Netflix,42
"Sep 11 – 17, 2022",1662854400,United States,US,cancel Netflix,42
"Sep 18 – 24, 2022",1663459200,United States,US,cancel Netflix,39
"Sep 25 – Oct 1, 2022",1664064000,United States,US,cancel Netflix,41
"Oct 2 – 8, 2022",1664668800,United States,US,cancel Netflix,40
"Oct 9 – 15, 2022",1665273600,United States,US,cancel Netflix,39
"Oct 16 – 22, 2022",1665878400,United States,US,cancel Netflix,37
"Oct 23 – 29, 2022",1666483200,United States,US,cancel Netflix,37
"Oct 30 – Nov 5, 2022",1667088000,United States,US,cancel Netflix,46
"Nov 6 – 12, 2022",1667692800,United States,US,cancel Netflix,40
"Nov 13 – 19, 2022",1668297600,United States,US,cancel Netflix,36
"Nov 20 – 26, 2022",1668902400,United States,US,cancel Netflix,41
"Nov 27 – Dec 3, 2022",1669507200,United States,US,cancel Netflix,38
"Dec 4 – 10, 2022",1670112000,United States,US,cancel Netflix,37
"Dec 11 – 17, 2022",1670716800,United States,US,cancel Netflix,39
"Dec 18 – 24, 2022",1671321600,United States,US,cancel Netflix,42
"Dec 25 – 31, 2022",1671926400,United States,US,cancel Netflix,49
"Jan 1 – 7, 2023",1672531200,United States,US,cancel Netflix,57
"Jan 8 – 14, 2023",1673136000,United States,US,cancel Netflix,53
"Jan 15 – 21, 2023",1673740800,United States,US,cancel Netflix,50
"Jan 22 – 28, 2023",1674345600,United States,US,cancel Netflix,49
"Jan 29 – Feb 4, 2023",1674950400,United States,US,cancel Netflix,67
"Feb 5 – 11, 2023",1675555200,United States,US,cancel Netflix,60
"Feb 12 – 18, 2023",1676160000,United States,US,cancel Netflix,54
"Feb 19 – 25, 2023",1676764800,United States,US,cancel Netflix,47
"Feb 26 – Mar 4, 2023",1677369600,United States,US,cancel Netflix,43
"Mar 5 – 11, 2023",1677974400,United States,US,cancel Netflix,36
"Mar 12 – 18, 2023",1678579200,United States,US,cancel Netflix,37
"Mar 19 – 25, 2023",1679184000,United States,US,cancel Netflix,43
"Mar 26 – Apr 1, 2023",1679788800,United States,US,cancel Netflix,39
"Apr 2 – 8, 2023",1680393600,United States,US,cancel Netflix,34
"Apr 9 – 15, 2023",1680998400,United States,US,cancel Netflix,37
"Apr 16 – 22, 2023",1681603200,United States,US,cancel Netflix,40
"Apr 23 – 29, 2023",1682208000,United States,US,cancel Netflix,39
"Apr 30 – May 6, 2023",1682812800,United States,US,cancel Netflix,38
"May 7 – 13, 2023",1683417600,United States,US,cancel Netflix,31
"May 14 – 20, 2023",1684022400,United States,US,cancel Netflix,40
"May 21 – 27, 2023",1684627200,United States,US,cancel Netflix,71
"May 28 – Jun 3, 2023",1685232000,United States,US,cancel Netflix,63
"Jun 4 – 10, 2023",1685836800,United States,US,cancel Netflix,58
"Jun 11 – 17, 2023",1686441600,United States,US,cancel Netflix,55
"Jun 18 – 24, 2023",1687046400,United States,US,cancel Netflix,57
"Jun 25 – Jul 1, 2023",1687651200,United States,US,cancel Netflix,58
"Jul 2 – 8, 2023",1688256000,United States,US,cancel Netflix,54
"Jul 9 – 15, 2023",1688860800,United States,US,cancel Netflix,43
"Jul 16 – 22, 2023",1689465600,United States,US,cancel Netflix,47
"Jul 23 – 29, 2023",1690070400,United States,US,cancel Netflix,44
"Jul 30 – Aug 5, 2023",1690675200,United States,US,cancel Netflix,45
"Aug 6 – 12, 2023",1691280000,United States,US,cancel Netflix,39
"Aug 13 – 19, 2023",1691884800,United States,US,cancel Netflix,39
"Aug 20 – 26, 2023",1692489600,United States,US,cancel Netflix,42
"Aug 27 – Sep 2, 2023",1693094400,United States,US,cancel Netflix,41
"Sep 3 – 9, 2023",1693699200,United States,US,cancel Netflix,40
"Sep 10 – 16, 2023",1694304000,United States,US,cancel Netflix,39
"Sep 17 – 23, 2023",1694908800,United States,US,cancel Netflix,38
"Sep 24 – 30, 2023",1695513600,United States,US,cancel Netflix,39
"Oct 1 – 7, 2023",1696118400,United States,US,cancel Netflix,42
"Oct 8 – 14, 2023",1696723200,United States,US,cancel Netflix,41
"Oct 15 – 21, 2023",1697328000,United States,US,cancel Netflix,45
"Oct 22 – 28, 2023",1697932800,United States,US,cancel Netflix,44
"Oct 29 – Nov 4, 2023",1698537600,United States,US,cancel Netflix,45
"Nov 5 – 11, 2023",1699142400,United States,US,cancel Netflix,41
"Nov 12 – 18, 2023",1699747200,United States,US,cancel Netflix,43
"Nov 19 – 25, 2023",1700352000,United States,US,cancel Netflix,50
"Nov 26 – Dec 2, 2023",1700956800,United States,US,cancel Netflix,42
"Dec 3 – 9, 2023",1701561600,United States,US,cancel Netflix,42
"Dec 10 – 16, 2023",1702166400,United States,US,cancel Netflix,44
"Dec 17 – 23, 2023",1702771200,United States,US,cancel Netflix,37
"Dec 24 – 30, 2023",1703376000,United States,US,cancel Netflix,51
"Dec 31, 2023 – Jan 6, 2024",1703980800,United States,US,cancel Netflix,55
"Aug 29 – Sep 4, 2021",1630195200,Mexico,MX,Netflix,79
"Sep 5 – 11, 2021",1630800000,Mexico,MX,Netflix,68
"Sep 12 – 18, 2021",1631404800,Mexico,MX,Netflix,65
"Sep 19 – 25, 2021",1632009600,Mexico,MX,Netflix,78
"Sep 26 – Oct 2, 2021",1632614400,Mexico,MX,Netflix,78
"Oct 3 – 9, 2021",1633219200,Mexico,MX,Netflix,75
"Oct 10 – 16, 2021",1633824000,Mexico,MX,Netflix,70
"Oct 17 – 23, 2021",1634428800,Mexico,MX,Netflix,70
"Oct 24 – 30, 2021",1635033600,Mexico,MX,Netflix,68
"Oct 31 – Nov 6, 2021",1635638400,Mexico,MX,Netflix,73
"Nov 7 – 13, 2021",1636243200,Mexico,MX,Netflix,63
"Nov 14 – 20, 2021",1636848000,Mexico,MX,Netflix,66
"Nov 21 – 27, 2021",1637452800,Mexico,MX,Netflix,61
"Nov 28 – Dec 4, 2021",1638057600,Mexico,MX,Netflix,66
"Dec 5 – 11, 2021",1638662400,Mexico,MX,Netflix,63
"Dec 12 – 18, 2021",1639267200,Mexico,MX,Netflix,64
"Dec 19 – 25, 2021",1639872000,Mexico,MX,Netflix,73
"Dec 26, 2021 – Jan 1, 2022",1640476800,Mexico,MX,Netflix,90
"Jan 2 – 8, 2022",1641081600,Mexico,MX,Netflix,100
"Jan 9 – 15, 2022",1641686400,Mexico,MX,Netflix,98
"Jan 16 – 22, 2022",1642291200,Mexico,MX,Netflix,90
"Jan 23 – 29, 2022",1642896000,Mexico,MX,Netflix,79
"Jan 30 – Feb 5, 2022",1643500800,Mexico,MX,Netflix,84
"Feb 6 – 12, 2022",1644105600,Mexico,MX,Netflix,82
"Feb 13 – 19, 2022",1644710400,Mexico,MX,Netflix,69
"Feb 20 – 26, 2022",1645315200,Mexico,MX,Netflix,66
"Feb 27 – Mar 5, 2022",1645920000,Mexico,MX,Netflix,65
"Mar 6 – 12, 2022",1646524800,Mexico,MX,Netflix,62
"Mar 13 – 19, 2022",1647129600,Mexico,MX,Netflix,66
"Mar 20 – 26, 2022",1647734400,Mexico,MX,Netflix,64
"Mar 27 – Apr 2, 2022",1648339200,Mexico,MX,Netflix,60
"Apr 3 – 9, 2022",1648944000,Mexico,MX,Netflix,61
"Apr 10 – 16, 2022",1649548800,Mexico,MX,Netflix,86
"Apr 17 – 23, 2022",1650153600,Mexico,MX,Netflix,79
"Apr 24 – 30, 2022",1650758400,Mexico,MX,Netflix,73
"May 1 – 7, 2022",1651363200,Mexico,MX,Netflix,62
"May 8 – 14, 2022",1651968000,Mexico,MX,Netflix,62
"May 15 – 21, 2022",1652572800,Mexico,MX,Netflix,63
"May 22 – 28, 2022",1653177600,Mexico,MX,Netflix,65
"May 29 – Jun 4, 2022",1653782400,Mexico,MX,Netflix,66
"Jun 5 – 11, 2022",1654387200,Mexico,MX,Netflix,66
"Jun 12 – 18, 2022",1654992000,Mexico,MX,Netflix,71
"Jun 19 – 25, 2022",1655596800,Mexico,MX,Netflix,74
"Jun 26 – Jul 2, 2022",1656201600,Mexico,MX,Netflix,76
"Jul 3 – 9, 2022",1656806400,Mexico,MX,Netflix,74
"Jul 10 – 16, 2022",1657411200,Mexico,MX,Netflix,77
"Jul 17 – 23, 2022",1658016000,Mexico,MX,Netflix,86
"Jul 24 – 30, 2022",1658620800,Mexico,MX,Netflix,85
"Jul 31 – Aug 6, 2022",1659225600,Mexico,MX,Netflix,81
"Aug 7 – 13, 2022",1659830400,Mexico,MX,Netflix,75
"Aug 14 – 20, 2022",1660435200,Mexico,MX,Netflix,75
"Aug 21 – 27, 2022",1661040000,Mexico,MX,Netflix,69
"Aug 28 – Sep 3, 2022",1661644800,Mexico,MX,Netflix,61
"Sep 4 – 10, 2022",1662249600,Mexico,MX,Netflix,61
"Sep 11 – 17, 2022",1662854400,Mexico,MX,Netflix,61
"Sep 18 – 24, 2022",1663459200,Mexico,MX,Netflix,63
"Sep 25 – Oct 1, 2022",1664064000,Mexico,MX,Netflix,73
"Oct 2 – 8, 2022",1664668800,Mexico,MX,Netflix,68
"Oct 9 – 15, 2022",1665273600,Mexico,MX,Netflix,64
"Oct 16 – 22, 2022",1665878400,Mexico,MX,Netflix,64
"Oct 23 – 29, 2022",1666483200,Mexico,MX,Netflix,62
"Oct 30 – Nov 5, 2022",1667088000,Mexico,MX,Netflix,67
"Nov 6 – 12, 2022",1667692800,Mexico,MX,Netflix,61
"Nov 13 – 19, 2022",1668297600,Mexico,MX,Netflix,60
"Nov 20 – 26, 2022",1668902400,Mexico,MX,Netflix,62
"Nov 27 – Dec 3, 2022",1669507200,Mexico,MX,Netflix,64
"Dec 4 – 10, 2022",1670112000,Mexico,MX,Netflix,64
"Dec 11 – 17, 2022",1670716800,Mexico,MX,Netflix,68
"Dec 18 – 24, 2022",1671321600,Mexico,MX,Netflix,80
"Dec 25 – 31, 2022",1671926400,Mexico,MX,Netflix,90
"Jan 1 – 7, 2023",1672531200,Mexico,MX,Netflix,83
"Jan 8 – 14, 2023",1673136000,Mexico,MX,Netflix,71
"Jan 15 – 21, 2023",1673740800,Mexico,MX,Netflix,69
"Jan 22 – 28, 2023",1674345600,Mexico,MX,Netflix,67
"Jan 29 – Feb 4, 2023",1674950400,Mexico,MX,Netflix,65
"Feb 5 – 11, 2023",1675555200,Mexico,MX,Netflix,65
"Feb 12 – 18, 2023",1676160000,Mexico,MX,Netflix,61
"Feb 19 – 25, 2023",1676764800,Mexico,MX,Netflix,63
"Feb 26 – Mar 4, 2023",1677369600,Mexico,MX,Netflix,61
"Mar 5 – 11, 2023",1677974400,Mexico,MX,Netflix,55
"Mar 12 – 18, 2023",1678579200,Mexico,MX,Netflix,56
"Mar 19 – 25, 2023",1679184000,Mexico,MX,Netflix,59
"Mar 26 – Apr 1, 2023",1679788800,Mexico,MX,Netflix,57
"Apr 2 – 8, 2023",1680393600,Mexico,MX,Netflix,74
"Apr 9 – 15, 2023",1680998400,Mexico,MX,Netflix,71
"Apr 16 – 22, 2023",1681603200,Mexico,MX,Netflix,55
"Apr 23 – 29, 2023",1682208000,Mexico,MX,Netflix,57
"Apr 30 – May 6, 2023",1682812800,Mexico,MX,Netflix,59
"May 7 – 13, 2023",1683417600,Mexico,MX,Netflix,55
"May 14 – 20, 2023",1684022400,Mexico,MX,Netflix,57
"May 21 – 27, 2023",1684627200,Mexico,MX,Netflix,63
"May 28 – Jun 3, 2023",1685232000,Mexico,MX,Netflix,62
"Jun 4 – 10, 2023",1685836800,Mexico,MX,Netflix,64
"Jun 11 – 17, 2023",1686441600,Mexico,MX,Netflix,61
"Jun 18 – 24, 2023",1687046400,Mexico,MX,Netflix,63
"Jun 25 – Jul 1, 2023",1687651200,Mexico,MX,Netflix,65
"Jul 2 – 8, 2023",1688256000,Mexico,MX,Netflix,64
"Jul 9 – 15, 2023",1688860800,Mexico,MX,Netflix,62
"Jul 16 – 22, 2023",1689465600,Mexico,MX,Netflix,63
"Jul 23 – 29, 2023",1690070400,Mexico,MX,Netflix,67
"Jul 30 – Aug 5, 2023",1690675200,Mexico,MX,Netflix,66
"Aug 6 – 12, 2023",1691280000,Mexico,MX,Netflix,58
"Aug 13 – 19, 2023",1691884800,Mexico,MX,Netflix,60
"Aug 20 – 26, 2023",1692489600,Mexico,MX,Netflix,59
"Aug 27 – Sep 2, 2023",1693094400,Mexico,MX,Netflix,56
"Sep 3 – 9, 2023",1693699200,Mexico,MX,Netflix,59
"Sep 10 – 16, 2023",1694304000,Mexico,MX,Netflix,55
"Sep 17 – 23, 2023",1694908800,Mexico,MX,Netflix,53
"Sep 24 – 30, 2023",1695513600,Mexico,MX,Netflix,53
"Oct 1 – 7, 2023",1696118400,Mexico,MX,Netflix,54
"Oct 8 – 14, 2023",1696723200,Mexico,MX,Netflix,60
"Oct 15 – 21, 2023",1697328000,Mexico,MX,Netflix,62
"Oct 22 – 28, 2023",1697932800,Mexico,MX,Netflix,56
"Oct 29 – Nov 4, 2023",1698537600,Mexico,MX,Netflix,57
"Nov 5 – 11, 2023",1699142400,Mexico,MX,Netflix,52
"Nov 12 – 18, 2023",1699747200,Mexico,MX,Netflix,54
"Nov 19 – 25, 2023",1700352000,Mexico,MX,Netflix,58
"Nov 26 – Dec 2, 2023",1700956800,Mexico,MX,Netflix,51
"Dec 3 – 9, 2023",1701561600,Mexico,MX,Netflix,53
"Dec 10 – 16, 2023",1702166400,Mexico,MX,Netflix,65
"Dec 17 – 23, 2023",1702771200,Mexico,MX,Netflix,67
"Dec 24 – 30, 2023",1703376000,Mexico,MX,Netflix,82
"Dec 31, 2023 – Jan 6, 2024",1703980800,Mexico,MX,Netflix,79
"Aug 29 – Sep 4, 2021",1630195200,Brazil,BR,Netflix,66
"Sep 5 – 11, 2021",1630800000,Brazil,BR,Netflix,75
"Sep 12 – 18, 2021",1631404800,Brazil,BR,Netflix,61
"Sep 19 – 25, 2021",1632009600,Brazil,BR,Netflix,62
"Sep 26 – Oct 2, 2021",1632614400,Brazil,BR,Netflix,79
"Oct 3 – 9, 2021",1633219200,Brazil,BR,Netflix,72
"Oct 10 – 16, 2021",1633824000,Brazil,BR,Netflix,77
"Oct 17 – 23, 2021",1634428800,Brazil,BR,Netflix,65
"Oct 24 – 30, 2021",1635033600,Brazil,BR,Netflix,65
"Oct 31 – Nov 6, 2021",1635638400,Brazil,BR,Netflix,66
"Nov 7 – 13, 2021",1636243200,Brazil,BR,Netflix,57
"Nov 14 – 20, 2021",1636848000,Brazil,BR,Netflix,64
"Nov 21 – 27, 2021",1637452800,Brazil,BR,Netflix,52
"Nov 28 – Dec 4, 2021",1638057600,Brazil,BR,Netflix,59
"Dec 5 – 11, 2021",1638662400,Brazil,BR,Netflix,61
"Dec 12 – 18, 2021",1639267200,Brazil,BR,Netflix,63
"Dec 19 – 25, 2021",1639872000,Brazil,BR,Netflix,69
"Dec 26, 2021 – Jan 1, 2022",1640476800,Brazil,BR,Netflix,82
"Jan 2 – 8, 2022",1641081600,Brazil,BR,Netflix,100
"Jan 9 – 15, 2022",1641686400,Brazil,BR,Netflix,91
"Jan 16 – 22, 2022",1642291200,Brazil,BR,Netflix,71
"Jan 23 – 29, 2022",1642896000,Brazil,BR,Netflix,71
"Jan 30 – Feb 5, 2022",1643500800,Brazil,BR,Netflix,75
"Feb 6 – 12, 2022",1644105600,Brazil,BR,Netflix,68
"Feb 13 – 19, 2022",1644710400,Brazil,BR,Netflix,62
"Feb 20 – 26, 2022",1645315200,Brazil,BR,Netflix,58
"Feb 27 – Mar 5, 2022",1645920000,Brazil,BR,Netflix,71
"Mar 6 – 12, 2022",1646524800,Brazil,BR,Netflix,54
"Mar 13 – 19, 2022",1647129600,Brazil,BR,Netflix,61
"Mar 20 – 26, 2022",1647734400,Brazil,BR,Netflix,57
"Mar 27 – Apr 2, 2022",1648339200,Brazil,BR,Netflix,57
"Apr 3 – 9, 2022",1648944000,Brazil,BR,Netflix,56
"Apr 10 – 16, 2022",1649548800,Brazil,BR,Netflix,65
"Apr 17 – 23, 2022",1650153600,Brazil,BR,Netflix,69
"Apr 24 – 30, 2022",1650758400,Brazil,BR,Netflix,63
"May 1 – 7, 2022",1651363200,Brazil,BR,Netflix,57
"May 8 – 14, 2022",1651968000,Brazil,BR,Netflix,57
"May 15 – 21, 2022",1652572800,Brazil,BR,Netflix,63
"May 22 – 28, 2022",1653177600,Brazil,BR,Netflix,64
"May 29 – Jun 4, 2022",1653782400,Brazil,BR,Netflix,67
"Jun 5 – 11, 2022",1654387200,Brazil,BR,Netflix,64
"Jun 12 – 18, 2022",1654992000,Brazil,BR,Netflix,73
"Jun 19 – 25, 2022",1655596800,Brazil,BR,Netflix,64
"Jun 26 – Jul 2, 2022",1656201600,Brazil,BR,Netflix,67
"Jul 3 – 9, 2022",1656806400,Brazil,BR,Netflix,65
"Jul 10 – 16, 2022",1657411200,Brazil,BR,Netflix,69
"Jul 17 – 23, 2022",1658016000,Brazil,BR,Netflix,73
"Jul 24 – 30, 2022",1658620800,Brazil,BR,Netflix,70
"Jul 31 – Aug 6, 2022",1659225600,Brazil,BR,Netflix,65
"Aug 7 – 13, 2022",1659830400,Brazil,BR,Netflix,67
"Aug 14 – 20, 2022",1660435200,Brazil,BR,Netflix,67
"Aug 21 – 27, 2022",1661040000,Brazil,BR,Netflix,64
"Aug 28 – Sep 3, 2022",1661644800,Brazil,BR,Netflix,59
"Sep 4 – 10, 2022",1662249600,Brazil,BR,Netflix,64
"Sep 11 – 17, 2022",1662854400,Brazil,BR,Netflix,60
"Sep 18 – 24, 2022",1663459200,Brazil,BR,Netflix,63
"Sep 25 – Oct 1, 2022",1664064000,Brazil,BR,Netflix,71
"Oct 2 – 8, 2022",1664668800,Brazil,BR,Netflix,51
"Oct 9 – 15, 2022",1665273600,Brazil,BR,Netflix,71
"Oct 16 – 22, 2022",1665878400,Brazil,BR,Netflix,61
"Oct 23 – 29, 2022",1666483200,Brazil,BR,Netflix,58
"Oct 30 – Nov 5, 2022",1667088000,Brazil,BR,Netflix,64
"Nov 6 – 12, 2022",1667692800,Brazil,BR,Netflix,59
"Nov 13 – 19, 2022",1668297600,Brazil,BR,Netflix,70
"Nov 20 – 26, 2022",1668902400,Brazil,BR,Netflix,58
"Nov 27 – Dec 3, 2022",1669507200,Brazil,BR,Netflix,69
"Dec 4 – 10, 2022",1670112000,Brazil,BR,Netflix,62
"Dec 11 – 17, 2022",1670716800,Brazil,BR,Netflix,66
"Dec 18 – 24, 2022",1671321600,Brazil,BR,Netflix,72
"Dec 25 – 31, 2022",1671926400,Brazil,BR,Netflix,76
"Jan 1 – 7, 2023",1672531200,Brazil,BR,Netflix,82
"Jan 8 – 14, 2023",1673136000,Brazil,BR,Netflix,74
"Jan 15 – 21, 2023",1673740800,Brazil,BR,Netflix,67
"Jan 22 – 28, 2023",1674345600,Brazil,BR,Netflix,71
"Jan 29 – Feb 4, 2023",1674950400,Brazil,BR,Netflix,73
"Feb 5 – 11, 2023",1675555200,Brazil,BR,Netflix,60
"Feb 12 – 18, 2023",1676160000,Brazil,BR,Netflix,63
"Feb 19 – 25, 2023",1676764800,Brazil,BR,Netflix,76
"Feb 26 – Mar 4, 2023",1677369600,Brazil,BR,Netflix,57
"Mar 5 – 11, 2023",1677974400,Brazil,BR,Netflix,59
"Mar 12 – 18, 2023",1678579200,Brazil,BR,Netflix,56
"Mar 19 – 25, 2023",1679184000,Brazil,BR,Netflix,56
"Mar 26 – Apr 1, 2023",1679788800,Brazil,BR,Netflix,59
"Apr 2 – 8, 2023",1680393600,Brazil,BR,Netflix,65
"Apr 9 – 15, 2023",1680998400,Brazil,BR,Netflix,54
"Apr 16 – 22, 2023",1681603200,Brazil,BR,Netflix,63
"Apr 23 – 29, 2023",1682208000,Brazil,BR,Netflix,56
"Apr 30 – May 6, 2023",1682812800,Brazil,BR,Netflix,61
"May 7 – 13, 2023",1683417600,Brazil,BR,Netflix,54
"May 14 – 20, 2023",1684022400,Brazil,BR,Netflix,56
"May 21 – 27, 2023",1684627200,Brazil,BR,Netflix,68
"May 28 – Jun 3, 2023",1685232000,Brazil,BR,Netflix,65
"Jun 4 – 10, 2023",1685836800,Brazil,BR,Netflix,71
"Jun 11 – 17, 2023",1686441600,Brazil,BR,Netflix,68
"Jun 18 – 24, 2023",1687046400,Brazil,BR,Netflix,63
"Jun 25 – Jul 1, 2023",1687651200,Brazil,BR,Netflix,65
"Jul 2 – 8, 2023",1688256000,Brazil,BR,Netflix,64
"Jul 9 – 15, 2023",1688860800,Brazil,BR,Netflix,63
"Jul 16 – 22, 2023",1689465600,Brazil,BR,Netflix,62
"Jul 23 – 29, 2023",1690070400,Brazil,BR,Netflix,67
"Jul 30 – Aug 5, 2023",1690675200,Brazil,BR,Netflix,55
"Aug 6 – 12, 2023",1691280000,Brazil,BR,Netflix,51
"Aug 13 – 19, 2023",1691884800,Brazil,BR,Netflix,51
"Aug 20 – 26, 2023",1692489600,Brazil,BR,Netflix,55
"Aug 27 – Sep 2, 2023",1693094400,Brazil,BR,Netflix,61
"Sep 3 – 9, 2023",1693699200,Brazil,BR,Netflix,65
"Sep 10 – 16, 2023",1694304000,Brazil,BR,Netflix,56
"Sep 17 – 23, 2023",1694908800,Brazil,BR,Netflix,52
"Sep 24 – 30, 2023",1695513600,Brazil,BR,Netflix,54
"Oct 1 – 7, 2023",1696118400,Brazil,BR,Netflix,54
"Oct 8 – 14, 2023",1696723200,Brazil,BR,Netflix,69
"Oct 15 – 21, 2023",1697328000,Brazil,BR,Netflix,58
"Oct 22 – 28, 2023",1697932800,Brazil,BR,Netflix,58
"Oct 29 – Nov 4, 2023",1698537600,Brazil,BR,Netflix,61
"Nov 5 – 11, 2023",1699142400,Brazil,BR,Netflix,51
"Nov 12 – 18, 2023",1699747200,Brazil,BR,Netflix,53
"Nov 19 – 25, 2023",1700352000,Brazil,BR,Netflix,53
"Nov 26 – Dec 2, 2023",1700956800,Brazil,BR,Netflix,50
"Dec 3 – 9, 2023",1701561600,Brazil,BR,Netflix,53
"Dec 10 – 16, 2023",1702166400,Brazil,BR,Netflix,72
"Dec 17 – 23, 2023",1702771200,Brazil,BR,Netflix,60
"Dec 24 – 30, 2023",1703376000,Brazil,BR,Netflix,75
"Dec 31, 2023 – Jan 6, 2024",1703980800,Brazil,BR,Netflix,73
"Aug 29 – Sep 4, 2021",1630195200,Brazil,BR,cancel Netflix,0
"Sep 5 – 11, 2021",1630800000,Brazil,BR,cancel Netflix,0
"Sep 12 – 18, 2021",1631404800,Brazil,BR,cancel Netflix,0
"Sep 19 – 25, 2021",1632009600,Brazil,BR,cancel Netflix,0
"Sep 26 – Oct 2, 2021",1632614400,Brazil,BR,cancel Netflix,0
"Oct 3 – 9, 2021",1633219200,Brazil,BR,cancel Netflix,0
"Oct 10 – 16, 2021",1633824000,Brazil,BR,cancel Netflix,0
"Oct 17 – 23, 2021",1634428800,Brazil,BR,cancel Netflix,0
"Oct 24 – 30, 2021",1635033600,Brazil,BR,cancel Netflix,0
"Oct 31 – Nov 6, 2021",1635638400,Brazil,BR,cancel Netflix,0
"Nov 7 – 13, 2021",1636243200,Brazil,BR,cancel Netflix,0
"Nov 14 – 20, 2021",1636848000,Brazil,BR,cancel Netflix,0
"Nov 21 – 27, 2021",1637452800,Brazil,BR,cancel Netflix,0
"Nov 28 – Dec 4, 2021",1638057600,Brazil,BR,cancel Netflix,0
"Dec 5 – 11, 2021",1638662400,Brazil,BR,cancel Netflix,0
"Dec 12 – 18, 2021",1639267200,Brazil,BR,cancel Netflix,0
"Dec 19 – 25, 2021",1639872000,Brazil,BR,cancel Netflix,0
"Dec 26, 2021 – Jan 1, 2022",1640476800,Brazil,BR,cancel Netflix,0
"Jan 2 – 8, 2022",1641081600,Brazil,BR,cancel Netflix,0
"Jan 9 – 15, 2022",1641686400,Brazil,BR,cancel Netflix,0
"Jan 16 – 22, 2022",1642291200,Brazil,BR,cancel Netflix,0
"Jan 23 – 29, 2022",1642896000,Brazil,BR,cancel Netflix,0
"Jan 30 – Feb 5, 2022",1643500800,Brazil,BR,cancel Netflix,0
"Feb 6 – 12, 2022",1644105600,Brazil,BR,cancel Netflix,0
"Feb 13 – 19, 2022",1644710400,Brazil,BR,cancel Netflix,0
"Feb 20 – 26, 2022",1645315200,Brazil,BR,cancel Netflix,0
"Feb 27 – Mar 5, 2022",1645920000,Brazil,BR,cancel Netflix,0
"Mar 6 – 12, 2022",1646524800,Brazil,BR,cancel Netflix,0
"Mar 13 – 19, 2022",1647129600,Brazil,BR,cancel Netflix,0
"Mar 20 – 26, 2022",1647734400,Brazil,BR,cancel Netflix,0
"Mar 27 – Apr 2, 2022",1648339200,Brazil,BR,cancel Netflix,0
"Apr 3 – 9, 2022",1648944000,Brazil,BR,cancel Netflix,0
"Apr 10 – 16, 2022",1649548800,Brazil,BR,cancel Netflix,0
"Apr 17 – 23, 2022",1650153600,Brazil,BR,cancel Netflix,0
"Apr 24 – 30, 2022",1650758400,Brazil,BR,cancel Netflix,0
"May 1 – 7, 2022",1651363200,Brazil,BR,cancel Netflix,0
"May 8 – 14, 2022",1651968000,Brazil,BR,cancel Netflix,0
"May 15 – 21, 2022",1652572800,Brazil,BR,cancel Netflix,0
"May 22 – 28, 2022",1653177600,Brazil,BR,cancel Netflix,0
"May 29 – Jun 4, 2022",1653782400,Brazil,BR,cancel Netflix,0
"Jun 5 – 11, 2022",1654387200,Brazil,BR,cancel Netflix,0
"Jun 12 – 18, 2022",1654992000,Brazil,BR,cancel Netflix,0
"Jun 19 – 25, 2022",1655596800,Brazil,BR,cancel Netflix,0
"Jun 26 – Jul 2, 2022",1656201600,Brazil,BR,cancel Netflix,0
"Jul 3 – 9, 2022",1656806400,Brazil,BR,cancel Netflix,0
"Jul 10 – 16, 2022",1657411200,Brazil,BR,cancel Netflix,0
"Jul 17 – 23, 2022",1658016000,Brazil,BR,cancel Netflix,0
"Jul 24 – 30, 2022",1658620800,Brazil,BR,cancel Netflix,0
"Jul 31 – Aug 6, 2022",1659225600,Brazil,BR,cancel Netflix,0
"Aug 7 – 13, 2022",1659830400,Brazil,BR,cancel Netflix,0
"Aug 14 – 20, 2022",1660435200,Brazil,BR,cancel Netflix,0
"Aug 21 – 27, 2022",1661040000,Brazil,BR,cancel Netflix,0
"Aug 28 – Sep 3, 2022",1661644800,Brazil,BR,cancel Netflix,0
"Sep 4 – 10, 2022",1662249600,Brazil,BR,cancel Netflix,0
"Sep 11 – 17, 2022",1662854400,Brazil,BR,cancel Netflix,0
"Sep 18 – 24, 2022",1663459200,Brazil,BR,cancel Netflix,0
"Sep 25 – Oct 1, 2022",1664064000,Brazil,BR,cancel Netflix,0
"Oct 2 – 8, 2022",1664668800,Brazil,BR,cancel Netflix,0
"Oct 9 – 15, 2022",1665273600,Brazil,BR,cancel Netflix,0
"Oct 16 – 22, 2022",1665878400,Brazil,BR,cancel Netflix,0
"Oct 23 – 29, 2022",1666483200,Brazil,BR,cancel Netflix,0
"Oct 30 – Nov 5, 2022",1667088000,Brazil,BR,cancel Netflix,0
"Nov 6 – 12, 2022",1667692800,Brazil,BR,cancel Netflix,0
"Nov 13 – 19, 2022",1668297600,Brazil,BR,cancel Netflix,0
"Nov 20 – 26, 2022",1668902400,Brazil,BR,cancel Netflix,0
"Nov 27 – Dec 3, 2022",1669507200,Brazil,BR,cancel Netflix,0
"Dec 4 – 10, 2022",1670112000,Brazil,BR,cancel Netflix,0
"Dec 11 – 17, 2022",1670716800,Brazil,BR,cancel Netflix,0
"Dec 18 – 24, 2022",1671321600,Brazil,BR,cancel Netflix,0
"Dec 25 – 31, 2022",1671926400,Brazil,BR,cancel Netflix,0
"Jan 1 – 7, 2023",1672531200,Brazil,BR,cancel Netflix,0
"Jan 8 – 14, 2023",1673136000,Brazil,BR,cancel Netflix,0
"Jan 15 – 21, 2023",1673740800,Brazil,BR,cancel Netflix,0
"Jan 22 – 28, 2023",1674345600,Brazil,BR,cancel Netflix,0
"Jan 29 – Feb 4, 2023",1674950400,Brazil,BR,cancel Netflix,0
"Feb 5 – 11, 2023",1675555200,Brazil,BR,cancel Netflix,0
"Feb 12 – 18, 2023",1676160000,Brazil,BR,cancel Netflix,0
"Feb 19 – 25, 2023",1676764800,Brazil,BR,cancel Netflix,0
"Feb 26 – Mar 4, 2023",1677369600,Brazil,BR,cancel Netflix,0
"Mar 5 – 11, 2023",1677974400,Brazil,BR,cancel Netflix,0
"Mar 12 – 18, 2023",1678579200,Brazil,BR,cancel Netflix,0
"Mar 19 – 25, 2023",1679184000,Brazil,BR,cancel Netflix,0
"Mar 26 – Apr 1, 2023",1679788800,Brazil,BR,cancel Netflix,0
"Apr 2 – 8, 2023",1680393600,Brazil,BR,cancel Netflix,0
"Apr 9 – 15, 2023",1680998400,Brazil,BR,cancel Netflix,0
"Apr 16 – 22, 2023",1681603200,Brazil,BR,cancel Netflix,0
"Apr 23 – 29, 2023",1682208000,Brazil,BR,cancel Netflix,0
"Apr 30 – May 6, 2023",1682812800,Brazil,BR,cancel Netflix,0
"May 7 – 13, 2023",1683417600,Brazil,BR,cancel Netflix,0
"May 14 – 20, 2023",1684022400,Brazil,BR,cancel Netflix,0
"May 21 – 27, 2023",1684627200,Brazil,BR,cancel Netflix,0
"May 28 – Jun 3, 2023",1685232000,Brazil,BR,cancel Netflix,0
"Jun 4 – 10, 2023",1685836800,Brazil,BR,cancel Netflix,0
"Jun 11 – 17, 2023",1686441600,Brazil,BR,cancel Netflix,0
"Jun 18 – 24, 2023",1687046400,Brazil,BR,cancel Netflix,0
"Jun 25 – Jul 1, 2023",1687651200,Brazil,BR,cancel Netflix,0
"Jul 2 – 8, 2023",1688256000,Brazil,BR,cancel Netflix,0
"Jul 9 – 15, 2023",1688860800,Brazil,BR,cancel Netflix,100
"Jul 16 – 22, 2023",1689465600,Brazil,BR,cancel Netflix,0
"Jul 23 – 29, 2023",1690070400,Brazil,BR,cancel Netflix,0
"Jul 30 – Aug 5, 2023",1690675200,Brazil,BR,cancel Netflix,0
"Aug 6 – 12, 2023",1691280000,Brazil,BR,cancel Netflix,0
"Aug 13 – 19, 2023",1691884800,Brazil,BR,cancel Netflix,0
"Aug 20 – 26, 2023",1692489600,Brazil,BR,cancel Netflix,0
"Aug 27 – Sep 2, 2023",1693094400,Brazil,BR,cancel Netflix,0
"Sep 3 – 9, 2023",1693699200,Brazil,BR,cancel Netflix,0
"Sep 10 – 16, 2023",1694304000,Brazil,BR,cancel Netflix,0
"Sep 17 – 23, 2023",1694908800,Brazil,BR,cancel Netflix,0
"Sep 24 – 30, 2023",1695513600,Brazil,BR,cancel Netflix,0
"Oct 1 – 7, 2023",1696118400,Brazil,BR,cancel Netflix,0
"Oct 8 – 14, 2023",1696723200,Brazil,BR,cancel Netflix,0
"Oct 15 – 21, 2023",1697328000,Brazil,BR,cancel Netflix,0
"Oct 22 – 28, 2023",1697932800,Brazil,BR,cancel Netflix,0
"Oct 29 – Nov 4, 2023",1698537600,Brazil,BR,cancel Netflix,0
"Nov 5 – 11, 2023",1699142400,Brazil,BR,cancel Netflix,0
"Nov 12 – 18, 2023",1699747200,Brazil,BR,cancel Netflix,0
"Nov 19 – 25, 2023",1700352000,Brazil,BR,cancel Netflix,0
"Nov 26 – Dec 2, 2023",1700956800,Brazil,BR,cancel Netflix,0
"Dec 3 – 9, 2023",1701561600,Brazil,BR,cancel Netflix,0
"Dec 10 – 16, 2023",1702166400,Brazil,BR,cancel Netflix,0
"Dec 17 – 23, 2023",1702771200,Brazil,BR,cancel Netflix,0
"Dec 24 – 30, 2023",1703376000,Brazil,BR,cancel Netflix,0
"Dec 31, 2023 – Jan 6, 2024",1703980800,Brazil,BR,cancel Netflix,0
"Aug 29 – Sep 4, 2021",1630195200,United Kingdom,GB,Netflix,70
"Sep 5 – 11, 2021",1630800000,United Kingdom,GB,Netflix,58
"Sep 12 – 18, 2021",1631404800,United Kingdom,GB,Netflix,61
"Sep 19 – 25, 2021",1632009600,United Kingdom,GB,Netflix,60
"Sep 26 – Oct 2, 2021",1632614400,United Kingdom,GB,Netflix,70
"Oct 3 – 9, 2021",1633219200,United Kingdom,GB,Netflix,79
"Oct 10 – 16, 2021",1633824000,United Kingdom,GB,Netflix,76
"Oct 17 – 23, 2021",1634428800,United Kingdom,GB,Netflix,78
"Oct 24 – 30, 2021",1635033600,United Kingdom,GB,Netflix,74
"Oct 31 – Nov 6, 2021",1635638400,United Kingdom,GB,Netflix,70
"Nov 7 – 13, 2021",1636243200,United Kingdom,GB,Netflix,63
"Nov 14 – 20, 2021",1636848000,United Kingdom,GB,Netflix,63
"Nov 21 – 27, 2021",1637452800,United Kingdom,GB,Netflix,64
"Nov 28 – Dec 4, 2021",1638057600,United Kingdom,GB,Netflix,66
"Dec 5 – 11, 2021",1638662400,United Kingdom,GB,Netflix,65
"Dec 12 – 18, 2021",1639267200,United Kingdom,GB,Netflix,72
"Dec 19 – 25, 2021",1639872000,United Kingdom,GB,Netflix,86
"Dec 26, 2021 – Jan 1, 2022",1640476800,United Kingdom,GB,Netflix,100
"Jan 2 – 8, 2022",1641081600,United Kingdom,GB,Netflix,99
"Jan 9 – 15, 2022",1641686400,United Kingdom,GB,Netflix,86
"Jan 16 – 22, 2022",1642291200,United Kingdom,GB,Netflix,76
"Jan 23 – 29, 2022",1642896000,United Kingdom,GB,Netflix,76
"Jan 30 – Feb 5, 2022",1643500800,United Kingdom,GB,Netflix,76
"Feb 6 – 12, 2022",1644105600,United Kingdom,GB,Netflix,73
"Feb 13 – 19, 2022",1644710400,United Kingdom,GB,Netflix,75
"Feb 20 – 26, 2022",1645315200,United Kingdom,GB,Netflix,68
"Feb 27 – Mar 5, 2022",1645920000,United Kingdom,GB,Netflix,63
"Mar 6 – 12, 2022",1646524800,United Kingdom,GB,Netflix,66
"Mar 13 – 19, 2022",1647129600,United Kingdom,GB,Netflix,65
"Mar 20 – 26, 2022",1647734400,United Kingdom,GB,Netflix,67
"Mar 27 – Apr 2, 2022",1648339200,United Kingdom,GB,Netflix,67
"Apr 3 – 9, 2022",1648944000,United Kingdom,GB,Netflix,70
"Apr 10 – 16, 2022",1649548800,United Kingdom,GB,Netflix,73
"Apr 17 – 23, 2022",1650153600,United Kingdom,GB,Netflix,85
"Apr 24 – 30, 2022",1650758400,United Kingdom,GB,Netflix,74
"May 1 – 7, 2022",1651363200,United Kingdom,GB,Netflix,68
"May 8 – 14, 2022",1651968000,United Kingdom,GB,Netflix,63
"May 15 – 21, 2022",1652572800,United Kingdom,GB,Netflix,63
"May 22 – 28, 2022",1653177600,United Kingdom,GB,Netflix,64
"May 29 – Jun 4, 2022",1653782400,United Kingdom,GB,Netflix,69
"Jun 5 – 11, 2022",1654387200,United Kingdom,GB,Netflix,60
"Jun 12 – 18, 2022",1654992000,United Kingdom,GB,Netflix,62
"Jun 19 – 25, 2022",1655596800,United Kingdom,GB,Netflix,61
"Jun 26 – Jul 2, 2022",1656201600,United Kingdom,GB,Netflix,66
"Jul 3 – 9, 2022",1656806400,United Kingdom,GB,Netflix,59
"Jul 10 – 16, 2022",1657411200,United Kingdom,GB,Netflix,66
"Jul 17 – 23, 2022",1658016000,United Kingdom,GB,Netflix,71
"Jul 24 – 30, 2022",1658620800,United Kingdom,GB,Netflix,70
"Jul 31 – Aug 6, 2022",1659225600,United Kingdom,GB,Netflix,73
"Aug 7 – 13, 2022",1659830400,United Kingdom,GB,Netflix,68
"Aug 14 – 20, 2022",1660435200,United Kingdom,GB,Netflix,72
"Aug 21 – 27, 2022",1661040000,United Kingdom,GB,Netflix,69
"Aug 28 – Sep 3, 2022",1661644800,United Kingdom,GB,Netflix,71
"Sep 4 – 10, 2022",1662249600,United Kingdom,GB,Netflix,63
"Sep 11 – 17, 2022",1662854400,United Kingdom,GB,Netflix,65
"Sep 18 – 24, 2022",1663459200,United Kingdom,GB,Netflix,76
"Sep 25 – Oct 1, 2022",1664064000,United Kingdom,GB,Netflix,89
"Oct 2 – 8, 2022",1664668800,United Kingdom,GB,Netflix,81
"Oct 9 – 15, 2022",1665273600,United Kingdom,GB,Netflix,73
"Oct 16 – 22, 2022",1665878400,United Kingdom,GB,Netflix,79
"Oct 23 – 29, 2022",1666483200,United Kingdom,GB,Netflix,77
"Oct 30 – Nov 5, 2022",1667088000,United Kingdom,GB,Netflix,82
"Nov 6 – 12, 2022",1667692800,United Kingdom,GB,Netflix,60
"Nov 13 – 19, 2022",1668297600,United Kingdom,GB,Netflix,64
"Nov 20 – 26, 2022",1668902400,United Kingdom,GB,Netflix,63
"Nov 27 – Dec 3, 2022",1669507200,United Kingdom,GB,Netflix,75
"Dec 4 – 10, 2022",1670112000,United Kingdom,GB,Netflix,81
"Dec 11 – 17, 2022",1670716800,United Kingdom,GB,Netflix,85
"Dec 18 – 24, 2022",1671321600,United Kingdom,GB,Netflix,81
"Dec 25 – 31, 2022",1671926400,United Kingdom,GB,Netflix,99
"Jan 1 – 7, 2023",1672531200,United Kingdom,GB,Netflix,86
"Jan 8 – 14, 2023",1673136000,United Kingdom,GB,Netflix,72
"Jan 15 – 21, 2023",1673740800,United Kingdom,GB,Netflix,68
"Jan 22 – 28, 2023",1674345600,United Kingdom,GB,Netflix,69
"Jan 29 – Feb 4, 2023",1674950400,United Kingdom,GB,Netflix,69
"Feb 5 – 11, 2023",1675555200,United Kingdom,GB,Netflix,65
"Feb 12 – 18, 2023",1676160000,United Kingdom,GB,Netflix,66
"Feb 19 – 25, 2023",1676764800,United Kingdom,GB,Netflix,65
"Feb 26 – Mar 4, 2023",1677369600,United Kingdom,GB,Netflix,66
"Mar 5 – 11, 2023",1677974400,United Kingdom,GB,Netflix,68
"Mar 12 – 18, 2023",1678579200,United Kingdom,GB,Netflix,64
"Mar 19 – 25, 2023",1679184000,United Kingdom,GB,Netflix,64
"Mar 26 – Apr 1, 2023",1679788800,United Kingdom,GB,Netflix,65
"Apr 2 – 8, 2023",1680393600,United Kingdom,GB,Netflix,70
"Apr 9 – 15, 2023",1680998400,United Kingdom,GB,Netflix,79
"Apr 16 – 22, 2023",1681603200,United Kingdom,GB,Netflix,72
"Apr 23 – 29, 2023",1682208000,United Kingdom,GB,Netflix,68
"Apr 30 – May 6, 2023",1682812800,United Kingdom,GB,Netflix,62
"May 7 – 13, 2023",1683417600,United Kingdom,GB,Netflix,61
"May 14 – 20, 2023",1684022400,United Kingdom,GB,Netflix,60
"May 21 – 27, 2023",1684627200,United Kingdom,GB,Netflix,66
"May 28 – Jun 3, 2023",1685232000,United Kingdom,GB,Netflix,69
"Jun 4 – 10, 2023",1685836800,United Kingdom,GB,Netflix,61
"Jun 11 – 17, 2023",1686441600,United Kingdom,GB,Netflix,59
"Jun 18 – 24, 2023",1687046400,United Kingdom,GB,Netflix,61
"Jun 25 – Jul 1, 2023",1687651200,United Kingdom,GB,Netflix,62
"Jul 2 – 8, 2023",1688256000,United Kingdom,GB,Netflix,62
"Jul 9 – 15, 2023",1688860800,United Kingdom,GB,Netflix,60
"Jul 16 – 22, 2023",1689465600,United Kingdom,GB,Netflix,62
"Jul 23 – 29, 2023",1690070400,United Kingdom,GB,Netflix,63
"Jul 30 – Aug 5, 2023",1690675200,United Kingdom,GB,Netflix,63
"Aug 6 – 12, 2023",1691280000,United Kingdom,GB,Netflix,62
"Aug 13 – 19, 2023",1691884800,United Kingdom,GB,Netflix,66
"Aug 20 – 26, 2023",1692489600,United Kingdom,GB,Netflix,63
"Aug 27 – Sep 2, 2023",1693094400,United Kingdom,GB,Netflix,65
"Sep 3 – 9, 2023",1693699200,United Kingdom,GB,Netflix,63
"Sep 10 – 16, 2023",1694304000,United Kingdom,GB,Netflix,63
"Sep 17 – 23, 2023",1694908800,United Kingdom,GB,Netflix,64
"Sep 24 – 30, 2023",1695513600,United Kingdom,GB,Netflix,64
"Oct 1 – 7, 2023",1696118400,United Kingdom,GB,Netflix,69
"Oct 8 – 14, 2023",1696723200,United Kingdom,GB,Netflix,65
"Oct 15 – 21, 2023",1697328000,United Kingdom,GB,Netflix,70
"Oct 22 – 28, 2023",1697932800,United Kingdom,GB,Netflix,72
"Oct 29 – Nov 4, 2023",1698537600,United Kingdom,GB,Netflix,69
"Nov 5 – 11, 2023",1699142400,United Kingdom,GB,Netflix,68
"Nov 12 – 18, 2023",1699747200,United Kingdom,GB,Netflix,68
"Nov 19 – 25, 2023",1700352000,United Kingdom,GB,Netflix,58
"Nov 26 – Dec 2, 2023",1700956800,United Kingdom,GB,Netflix,59
"Dec 3 – 9, 2023",1701561600,United Kingdom,GB,Netflix,63
"Dec 10 – 16, 2023",1702166400,United Kingdom,GB,Netflix,75
"Dec 17 – 23, 2023",1702771200,United Kingdom,GB,Netflix,70
"Dec 24 – 30, 2023",1703376000,United Kingdom,GB,Netflix,87
"Dec 31, 2023 – Jan 6, 2024",1703980800,United Kingdom,GB,Netflix,87
"Aug 29 – Sep 4, 2021",1630195200,United Kingdom,GB,cancel Netflix,35
"Sep 5 – 11, 2021",1630800000,United Kingdom,GB,cancel Netflix,31
"Sep 12 – 18, 2021",1631404800,United Kingdom,GB,cancel Netflix,25
"Sep 19 – 25, 2021",1632009600,United Kingdom,GB,cancel Netflix,35
"Sep 26 – Oct 2, 2021",1632614400,United Kingdom,GB,cancel Netflix,34
"Oct 3 – 9, 2021",1633219200,United Kingdom,GB,cancel Netflix,31
"Oct 10 – 16, 2021",1633824000,United Kingdom,GB,cancel Netflix,30
"Oct 17 – 23, 2021",1634428800,United Kingdom,GB,cancel Netflix,28
"Oct 24 – 30, 2021",1635033600,United Kingdom,GB,cancel Netflix,34
"Oct 31 – Nov 6, 2021",1635638400,United Kingdom,GB,cancel Netflix,34
"Nov 7 – 13, 2021",1636243200,United Kingdom,GB,cancel Netflix,32
"Nov 14 – 20, 2021",1636848000,United Kingdom,GB,cancel Netflix,27
"Nov 21 – 27, 2021",1637452800,United Kingdom,GB,cancel Netflix,29
"Nov 28 – Dec 4, 2021",1638057600,United Kingdom,GB,cancel Netflix,28
"Dec 5 – 11, 2021",1638662400,United Kingdom,GB,cancel Netflix,26
"Dec 12 – 18, 2021",1639267200,United Kingdom,GB,cancel Netflix,27
"Dec 19 – 25, 2021",1639872000,United Kingdom,GB,cancel Netflix,32
"Dec 26, 2021 – Jan 1, 2022",1640476800,United Kingdom,GB,cancel Netflix,39
"Jan 2 – 8, 2022",1641081600,United Kingdom,GB,cancel Netflix,38
"Jan 9 – 15, 2022",1641686400,United Kingdom,GB,cancel Netflix,39
"Jan 16 – 22, 2022",1642291200,United Kingdom,GB,cancel Netflix,37
"Jan 23 – 29, 2022",1642896000,United Kingdom,GB,cancel Netflix,31
"Jan 30 – Feb 5, 2022",1643500800,United Kingdom,GB,cancel Netflix,44
"Feb 6 – 12, 2022",1644105600,United Kingdom,GB,cancel Netflix,43
"Feb 13 – 19, 2022",1644710400,United Kingdom,GB,cancel Netflix,35
"Feb 20 – 26, 2022",1645315200,United Kingdom,GB,cancel Netflix,37
"Feb 27 – Mar 5, 2022",1645920000,United Kingdom,GB,cancel Netflix,39
"Mar 6 – 12, 2022",1646524800,United Kingdom,GB,cancel Netflix,50
"Mar 13 – 19, 2022",1647129600,United Kingdom,GB,cancel Netflix,39
"Mar 20 – 26, 2022",1647734400,United Kingdom,GB,cancel Netflix,39
"Mar 27 – Apr 2, 2022",1648339200,United Kingdom,GB,cancel Netflix,44
"Apr 3 – 9, 2022",1648944000,United Kingdom,GB,cancel Netflix,48
"Apr 10 – 16, 2022",1649548800,United Kingdom,GB,cancel Netflix,36
"Apr 17 – 23, 2022",1650153600,United Kingdom,GB,cancel Netflix,100
"Apr 24 – 30, 2022",1650758400,United Kingdom,GB,cancel Netflix,78
"May 1 – 7, 2022",1651363200,United Kingdom,GB,cancel Netflix,65
"May 8 – 14, 2022",1651968000,United Kingdom,GB,cancel Netflix,53
"May 15 – 21, 2022",1652572800,United Kingdom,GB,cancel Netflix,54
"May 22 – 28, 2022",1653177600,United Kingdom,GB,cancel Netflix,49
"May 29 – Jun 4, 2022",1653782400,United Kingdom,GB,cancel Netflix,46
"Jun 5 – 11, 2022",1654387200,United Kingdom,GB,cancel Netflix,41
"Jun 12 – 18, 2022",1654992000,United Kingdom,GB,cancel Netflix,44
"Jun 19 – 25, 2022",1655596800,United Kingdom,GB,cancel Netflix,45
"Jun 26 – Jul 2, 2022",1656201600,United Kingdom,GB,cancel Netflix,47
"Jul 3 – 9, 2022",1656806400,United Kingdom,GB,cancel Netflix,40
"Jul 10 – 16, 2022",1657411200,United Kingdom,GB,cancel Netflix,38
"Jul 17 – 23, 2022",1658016000,United Kingdom,GB,cancel Netflix,44
"Jul 24 – 30, 2022",1658620800,United Kingdom,GB,cancel Netflix,61
"Jul 31 – Aug 6, 2022",1659225600,United Kingdom,GB,cancel Netflix,43
"Aug 7 – 13, 2022",1659830400,United Kingdom,GB,cancel Netflix,44
"Aug 14 – 20, 2022",1660435200,United Kingdom,GB,cancel Netflix,49
"Aug 21 – 27, 2022",1661040000,United Kingdom,GB,cancel Netflix,50
"Aug 28 – Sep 3, 2022",1661644800,United Kingdom,GB,cancel Netflix,55
"Sep 4 – 10, 2022",1662249600,United Kingdom,GB,cancel Netflix,44
"Sep 11 – 17, 2022",1662854400,United Kingdom,GB,cancel Netflix,39
"Sep 18 – 24, 2022",1663459200,United Kingdom,GB,cancel Netflix,41
"Sep 25 – Oct 1, 2022",1664064000,United Kingdom,GB,cancel Netflix,39
"Oct 2 – 8, 2022",1664668800,United Kingdom,GB,cancel Netflix,37
"Oct 9 – 15, 2022",1665273600,United Kingdom,GB,cancel Netflix,35
"Oct 16 – 22, 2022",1665878400,United Kingdom,GB,cancel Netflix,41
"Oct 23 – 29, 2022",1666483200,United Kingdom,GB,cancel Netflix,35
"Oct 30 – Nov 5, 2022",1667088000,United Kingdom,GB,cancel Netflix,41
"Nov 6 – 12, 2022",1667692800,United Kingdom,GB,cancel Netflix,34
"Nov 13 – 19, 2022",1668297600,United Kingdom,GB,cancel Netflix,30
"Nov 20 – 26, 2022",1668902400,United Kingdom,GB,cancel Netflix,27
"Nov 27 – Dec 3, 2022",1669507200,United Kingdom,GB,cancel Netflix,38
"Dec 4 – 10, 2022",1670112000,United Kingdom,GB,cancel Netflix,40
"Dec 11 – 17, 2022",1670716800,United Kingdom,GB,cancel Netflix,35
"Dec 18 – 24, 2022",1671321600,United Kingdom,GB,cancel Netflix,35
"Dec 25 – 31, 2022",1671926400,United Kingdom,GB,cancel Netflix,35
"Jan 1 – 7, 2023",1672531200,United Kingdom,GB,cancel Netflix,48
"Jan 8 – 14, 2023",1673136000,United Kingdom,GB,cancel Netflix,41
"Jan 15 – 21, 2023",1673740800,United Kingdom,GB,cancel Netflix,43
"Jan 22 – 28, 2023",1674345600,United Kingdom,GB,cancel Netflix,35
"Jan 29 – Feb 4, 2023",1674950400,United Kingdom,GB,cancel Netflix,41
"Feb 5 – 11, 2023",1675555200,United Kingdom,GB,cancel Netflix,36
"Feb 12 – 18, 2023",1676160000,United Kingdom,GB,cancel Netflix,28
"Feb 19 – 25, 2023",1676764800,United Kingdom,GB,cancel Netflix,34
"Feb 26 – Mar 4, 2023",1677369600,United Kingdom,GB,cancel Netflix,41
"Mar 5 – 11, 2023",1677974400,United Kingdom,GB,cancel Netflix,36
"Mar 12 – 18, 2023",1678579200,United Kingdom,GB,cancel Netflix,33
"Mar 19 – 25, 2023",1679184000,United Kingdom,GB,cancel Netflix,38
"Mar 26 – Apr 1, 2023",1679788800,United Kingdom,GB,cancel Netflix,31
"Apr 2 – 8, 2023",1680393600,United Kingdom,GB,cancel Netflix,26
"Apr 9 – 15, 2023",1680998400,United Kingdom,GB,cancel Netflix,35
"Apr 16 – 22, 2023",1681603200,United Kingdom,GB,cancel Netflix,34
"Apr 23 – 29, 2023",1682208000,United Kingdom,GB,cancel Netflix,32
"Apr 30 – May 6, 2023",1682812800,United Kingdom,GB,cancel Netflix,29
"May 7 – 13, 2023",1683417600,United Kingdom,GB,cancel Netflix,26
"May 14 – 20, 2023",1684022400,United Kingdom,GB,cancel Netflix,31
"May 21 – 27, 2023",1684627200,United Kingdom,GB,cancel Netflix,52
"May 28 – Jun 3, 2023",1685232000,United Kingdom,GB,cancel Netflix,41
"Jun 4 – 10, 2023",1685836800,United Kingdom,GB,cancel Netflix,43
"Jun 11 – 17, 2023",1686441600,United Kingdom,GB,cancel Netflix,42
"Jun 18 – 24, 2023",1687046400,United Kingdom,GB,cancel Netflix,37
"Jun 25 – Jul 1, 2023",1687651200,United Kingdom,GB,cancel Netflix,43
"Jul 2 – 8, 2023",1688256000,United Kingdom,GB,cancel Netflix,34
"Jul 9 – 15, 2023",1688860800,United Kingdom,GB,cancel Netflix,35
"Jul 16 – 22, 2023",1689465600,United Kingdom,GB,cancel Netflix,37
"Jul 23 – 29, 2023",1690070400,United Kingdom,GB,cancel Netflix,39
"Jul 30 – Aug 5, 2023",1690675200,United Kingdom,GB,cancel Netflix,35
"Aug 6 – 12, 2023",1691280000,United Kingdom,GB,cancel Netflix,33
"Aug 13 – 19, 2023",1691884800,United Kingdom,GB,cancel Netflix,35
"Aug 20 – 26, 2023",1692489600,United Kingdom,GB,cancel Netflix,34
"Aug 27 – Sep 2, 2023",1693094400,United Kingdom,GB,cancel Netflix,38
"Sep 3 – 9, 2023",1693699200,United Kingdom,GB,cancel Netflix,30
"Sep 10 – 16, 2023",1694304000,United Kingdom,GB,cancel Netflix,34
"Sep 17 – 23, 2023",1694908800,United Kingdom,GB,cancel Netflix,35
"Sep 24 – 30, 2023",1695513600,United Kingdom,GB,cancel Netflix,35
"Oct 1 – 7, 2023",1696118400,United Kingdom,GB,cancel Netflix,32
"Oct 8 – 14, 2023",1696723200,United Kingdom,GB,cancel Netflix,34
"Oct 15 – 21, 2023",1697328000,United Kingdom,GB,cancel Netflix,48
"Oct 22 – 28, 2023",1697932800,United Kingdom,GB,cancel Netflix,34
"Oct 29 – Nov 4, 2023",1698537600,United Kingdom,GB,cancel Netflix,33
"Nov 5 – 11, 2023",1699142400,United Kingdom,GB,cancel Netflix,36
"Nov 12 – 18, 2023",1699747200,United Kingdom,GB,cancel Netflix,36
"Nov 19 – 25, 2023",1700352000,United Kingdom,GB,cancel Netflix,38
"Nov 26 – Dec 2, 2023",1700956800,United Kingdom,GB,cancel Netflix,37
"Dec 3 – 9, 2023",1701561600,United Kingdom,GB,cancel Netflix,35
"Dec 10 – 16, 2023",1702166400,United Kingdom,GB,cancel Netflix,41
"Dec 17 – 23, 2023",1702771200,United Kingdom,GB,cancel Netflix,39
"Dec 24 – 30, 2023",1703376000,United Kingdom,GB,cancel Netflix,41
"Dec 31, 2023 – Jan 6, 2024",1703980800,United Kingdom,GB,cancel Netflix,36
"Aug 29 – Sep 4, 2021",1630195200,Germany,DE,Netflix,59
"Sep 5 – 11, 2021",1630800000,Germany,DE,Netflix,54
"Sep 12 – 18, 2021",1631404800,Germany,DE,Netflix,57
"Sep 19 – 25, 2021",1632009600,Germany,DE,Netflix,54
"Sep 26 – Oct 2, 2021",1632614400,Germany,DE,Netflix,60
"Oct 3 – 9, 2021",1633219200,Germany,DE,Netflix,61
"Oct 10 – 16, 2021",1633824000,Germany,DE,Netflix,65
"Oct 17 – 23, 2021",1634428800,Germany,DE,Netflix,71
"Oct 24 – 30, 2021",1635033600,Germany,DE,Netflix,67
"Oct 31 – Nov 6, 2021",1635638400,Germany,DE,Netflix,72
"Nov 7 – 13, 2021",1636243200,Germany,DE,Netflix,62
"Nov 14 – 20, 2021",1636848000,Germany,DE,Netflix,63
"Nov 21 – 27, 2021",1637452800,Germany,DE,Netflix,60
"Nov 28 – Dec 4, 2021",1638057600,Germany,DE,Netflix,64
"Dec 5 – 11, 2021",1638662400,Germany,DE,Netflix,60
"Dec 12 – 18, 2021",1639267200,Germany,DE,Netflix,65
"Dec 19 – 25, 2021",1639872000,Germany,DE,Netflix,82
"Dec 26, 2021 – Jan 1, 2022",1640476800,Germany,DE,Netflix,100
"Jan 2 – 8, 2022",1641081600,Germany,DE,Netflix,86
"Jan 9 – 15, 2022",1641686400,Germany,DE,Netflix,76
"Jan 16 – 22, 2022",1642291200,Germany,DE,Netflix,73
"Jan 23 – 29, 2022",1642896000,Germany,DE,Netflix,70
"Jan 30 – Feb 5, 2022",1643500800,Germany,DE,Netflix,73
"Feb 6 – 12, 2022",1644105600,Germany,DE,Netflix,71
"Feb 13 – 19, 2022",1644710400,Germany,DE,Netflix,69
"Feb 20 – 26, 2022",1645315200,Germany,DE,Netflix,65
"Feb 27 – Mar 5, 2022",1645920000,Germany,DE,Netflix,60
"Mar 6 – 12, 2022",1646524800,Germany,DE,Netflix,58
"Mar 13 – 19, 2022",1647129600,Germany,DE,Netflix,61
"Mar 20 – 26, 2022",1647734400,Germany,DE,Netflix,58
"Mar 27 – Apr 2, 2022",1648339200,Germany,DE,Netflix,59
"Apr 3 – 9, 2022",1648944000,Germany,DE,Netflix,61
"Apr 10 – 16, 2022",1649548800,Germany,DE,Netflix,64
"Apr 17 – 23, 2022",1650153600,Germany,DE,Netflix,70
"Apr 24 – 30, 2022",1650758400,Germany,DE,Netflix,59
"May 1 – 7, 2022",1651363200,Germany,DE,Netflix,51
"May 8 – 14, 2022",1651968000,Germany,DE,Netflix,48
"May 15 – 21, 2022",1652572800,Germany,DE,Netflix,45
"May 22 – 28, 2022",1653177600,Germany,DE,Netflix,57
"May 29 – Jun 4, 2022",1653782400,Germany,DE,Netflix,53
"Jun 5 – 11, 2022",1654387200,Germany,DE,Netflix,60
"Jun 12 – 18, 2022",1654992000,Germany,DE,Netflix,53
"Jun 19 – 25, 2022",1655596800,Germany,DE,Netflix,52
"Jun 26 – Jul 2, 2022",1656201600,Germany,DE,Netflix,51
"Jul 3 – 9, 2022",1656806400,Germany,DE,Netflix,55
"Jul 10 – 16, 2022",1657411200,Germany,DE,Netflix,57
"Jul 17 – 23, 2022",1658016000,Germany,DE,Netflix,55
"Jul 24 – 30, 2022",1658620800,Germany,DE,Netflix,58
"Jul 31 – Aug 6, 2022",1659225600,Germany,DE,Netflix,58
"Aug 7 – 13, 2022",1659830400,Germany,DE,Netflix,56
"Aug 14 – 20, 2022",1660435200,Germany,DE,Netflix,60
"Aug 21 – 27, 2022",1661040000,Germany,DE,Netflix,61
"Aug 28 – Sep 3, 2022",1661644800,Germany,DE,Netflix,60
"Sep 4 – 10, 2022",1662249600,Germany,DE,Netflix,54
"Sep 11 – 17, 2022",1662854400,Germany,DE,Netflix,56
"Sep 18 – 24, 2022",1663459200,Germany,DE,Netflix,63
"Sep 25 – Oct 1, 2022",1664064000,Germany,DE,Netflix,74
"Oct 2 – 8, 2022",1664668800,Germany,DE,Netflix,75
"Oct 9 – 15, 2022",1665273600,Germany,DE,Netflix,70
"Oct 16 – 22, 2022",1665878400,Germany,DE,Netflix,71
"Oct 23 – 29, 2022",1666483200,Germany,DE,Netflix,71
"Oct 30 – Nov 5, 2022",1667088000,Germany,DE,Netflix,73
"Nov 6 – 12, 2022",1667692800,Germany,DE,Netflix,62
"Nov 13 – 19, 2022",1668297600,Germany,DE,Netflix,64
"Nov 20 – 26, 2022",1668902400,Germany,DE,Netflix,57
"Nov 27 – Dec 3, 2022",1669507200,Germany,DE,Netflix,65
"Dec 4 – 10, 2022",1670112000,Germany,DE,Netflix,75
"Dec 11 – 17, 2022",1670716800,Germany,DE,Netflix,69
"Dec 18 – 24, 2022",1671321600,Germany,DE,Netflix,77
"Dec 25 – 31, 2022",1671926400,Germany,DE,Netflix,98
"Jan 1 – 7, 2023",1672531200,Germany,DE,Netflix,87
"Jan 8 – 14, 2023",1673136000,Germany,DE,Netflix,68
"Jan 15 – 21, 2023",1673740800,Germany,DE,Netflix,65
"Jan 22 – 28, 2023",1674345600,Germany,DE,Netflix,61
"Jan 29 – Feb 4, 2023",1674950400,Germany,DE,Netflix,65
"Feb 5 – 11, 2023",1675555200,Germany,DE,Netflix,60
"Feb 12 – 18, 2023",1676160000,Germany,DE,Netflix,57
"Feb 19 – 25, 2023",1676764800,Germany,DE,Netflix,63
"Feb 26 – Mar 4, 2023",1677369600,Germany,DE,Netflix,57
"Mar 5 – 11, 2023",1677974400,Germany,DE,Netflix,55
"Mar 12 – 18, 2023",1678579200,Germany,DE,Netflix,58
"Mar 19 – 25, 2023",1679184000,Germany,DE,Netflix,52
"Mar 26 – Apr 1, 2023",1679788800,Germany,DE,Netflix,54
"Apr 2 – 8, 2023",1680393600,Germany,DE,Netflix,57
"Apr 9 – 15, 2023",1680998400,Germany,DE,Netflix,59
"Apr 16 – 22, 2023",1681603200,Germany,DE,Netflix,51
"Apr 23 – 29, 2023",1682208000,Germany,DE,Netflix,51
"Apr 30 – May 6, 2023",1682812800,Germany,DE,Netflix,52
"May 7 – 13, 2023",1683417600,Germany,DE,Netflix,48
"May 14 – 20, 2023",1684022400,Germany,DE,Netflix,53
"May 21 – 27, 2023",1684627200,Germany,DE,Netflix,68
"May 28 – Jun 3, 2023",1685232000,Germany,DE,Netflix,67
"Jun 4 – 10, 2023",1685836800,Germany,DE,Netflix,68
"Jun 11 – 17, 2023",1686441600,Germany,DE,Netflix,58
"Jun 18 – 24, 2023",1687046400,Germany,DE,Netflix,55
"Jun 25 – Jul 1, 2023",1687651200,Germany,DE,Netflix,57
"Jul 2 – 8, 2023",1688256000,Germany,DE,Netflix,53
"Jul 9 – 15, 2023",1688860800,Germany,DE,Netflix,53
"Jul 16 – 22, 2023",1689465600,Germany,DE,Netflix,53
"Jul 23 – 29, 2023",1690070400,Germany,DE,Netflix,59
"Jul 30 – Aug 5, 2023",1690675200,Germany,DE,Netflix,60
"Aug 6 – 12, 2023",1691280000,Germany,DE,Netflix,56
"Aug 13 – 19, 2023",1691884800,Germany,DE,Netflix,52
"Aug 20 – 26, 2023",1692489600,Germany,DE,Netflix,51
"Aug 27 – Sep 2, 2023",1693094400,Germany,DE,Netflix,68
"Sep 3 – 9, 2023",1693699200,Germany,DE,Netflix,71
"Sep 10 – 16, 2023",1694304000,Germany,DE,Netflix,59
"Sep 17 – 23, 2023",1694908800,Germany,DE,Netflix,59
"Sep 24 – 30, 2023",1695513600,Germany,DE,Netflix,58
"Oct 1 – 7, 2023",1696118400,Germany,DE,Netflix,66
"Oct 8 – 14, 2023",1696723200,Germany,DE,Netflix,58
"Oct 15 – 21, 2023",1697328000,Germany,DE,Netflix,58
"Oct 22 – 28, 2023",1697932800,Germany,DE,Netflix,59
"Oct 29 – Nov 4, 2023",1698537600,Germany,DE,Netflix,65
"Nov 5 – 11, 2023",1699142400,Germany,DE,Netflix,56
"Nov 12 – 18, 2023",1699747200,Germany,DE,Netflix,56
"Nov 19 – 25, 2023",1700352000,Germany,DE,Netflix,54
"Nov 26 – Dec 2, 2023",1700956800,Germany,DE,Netflix,54
"Dec 3 – 9, 2023",1701561600,Germany,DE,Netflix,56
"Dec 10 – 16, 2023",1702166400,Germany,DE,Netflix,62
"Dec 17 – 23, 2023",1702771200,Germany,DE,Netflix,60
"Dec 24 – 30, 2023",1703376000,Germany,DE,Netflix,78
"Dec 31, 2023 – Jan 6, 2024",1703980800,Germany,DE,Netflix,74
"Aug 29 – Sep 4, 2021",1630195200,Germany,DE,cancel Netflix,0
"Sep 5 – 11, 2021",1630800000,Germany,DE,cancel Netflix,100
"Sep 12 – 18, 2021",1631404800,Germany,DE,cancel Netflix,0
"Sep 19 – 25, 2021",1632009600,Germany,DE,cancel Netflix,0
"Sep 26 – Oct 2, 2021",1632614400,Germany,DE,cancel Netflix,0
"Oct 3 – 9, 2021",1633219200,Germany,DE,cancel Netflix,0
"Oct 10 – 16, 2021",1633824000,Germany,DE,cancel Netflix,0
"Oct 17 – 23, 2021",1634428800,Germany,DE,cancel Netflix,0
"Oct 24 – 30, 2021",1635033600,Germany,DE,cancel Netflix,0
"Oct 31 – Nov 6, 2021",1635638400,Germany,DE,cancel Netflix,0
"Nov 7 – 13, 2021",1636243200,Germany,DE,cancel Netflix,0
"Nov 14 – 20, 2021",1636848000,Germany,DE,cancel Netflix,0
"Nov 21 – 27, 2021",1637452800,Germany,DE,cancel Netflix,0
"Nov 28 – Dec 4, 2021",1638057600,Germany,DE,cancel Netflix,0
"Dec 5 – 11, 2021",1638662400,Germany,DE,cancel Netflix,0
"Dec 12 – 18, 2021",1639267200,Germany,DE,cancel Netflix,0
"Dec 19 – 25, 2021",1639872000,Germany,DE,cancel Netflix,0
"Dec 26, 2021 – Jan 1, 2022",1640476800,Germany,DE,cancel Netflix,0
"Jan 2 – 8, 2022",1641081600,Germany,DE,cancel Netflix,0
"Jan 9 – 15, 2022",1641686400,Germany,DE,cancel Netflix,0
"Jan 16 – 22, 2022",1642291200,Germany,DE,cancel Netflix,0
"Jan 23 – 29, 2022",1642896000,Germany,DE,cancel Netflix,0
"Jan 30 – Feb 5, 2022",1643500800,Germany,DE,cancel Netflix,0
"Feb 6 – 12, 2022",1644105600,Germany,DE,cancel Netflix,0
"Feb 13 – 19, 2022",1644710400,Germany,DE,cancel Netflix,0
"Feb 20 – 26, 2022",1645315200,Germany,DE,cancel Netflix,0
"Feb 27 – Mar 5, 2022",1645920000,Germany,DE,cancel Netflix,0
"Mar 6 – 12, 2022",1646524800,Germany,DE,cancel Netflix,0
"Mar 13 – 19, 2022",1647129600,Germany,DE,cancel Netflix,0
"Mar 20 – 26, 2022",1647734400,Germany,DE,cancel Netflix,0
"Mar 27 – Apr 2, 2022",1648339200,Germany,DE,cancel Netflix,0
"Apr 3 – 9, 2022",1648944000,Germany,DE,cancel Netflix,0
"Apr 10 – 16, 2022",1649548800,Germany,DE,cancel Netflix,0
"Apr 17 – 23, 2022",1650153600,Germany,DE,cancel Netflix,0
"Apr 24 – 30, 2022",1650758400,Germany,DE,cancel Netflix,0
"May 1 – 7, 2022",1651363200,Germany,DE,cancel Netflix,0
"May 8 – 14, 2022",1651968000,Germany,DE,cancel Netflix,0
"May 15 – 21, 2022",1652572800,Germany,DE,cancel Netflix,0
"May 22 – 28, 2022",1653177600,Germany,DE,cancel Netflix,0
"May 29 – Jun 4, 2022",1653782400,Germany,DE,cancel Netflix,0
"Jun 5 – 11, 2022",1654387200,Germany,DE,cancel Netflix,0
"Jun 12 – 18, 2022",1654992000,Germany,DE,cancel Netflix,0
"Jun 19 – 25, 2022",1655596800,Germany,DE,cancel Netflix,0
"Jun 26 – Jul 2, 2022",1656201600,Germany,DE,cancel Netflix,0
"Jul 3 – 9, 2022",1656806400,Germany,DE,cancel Netflix,0
"Jul 10 – 16, 2022",1657411200,Germany,DE,cancel Netflix,0
"Jul 17 – 23, 2022",1658016000,Germany,DE,cancel Netflix,0
"Jul 24 – 30, 2022",1658620800,Germany,DE,cancel Netflix,0
"Jul 31 – Aug 6, 2022",1659225600,Germany,DE,cancel Netflix,0
"Aug 7 – 13, 2022",1659830400,Germany,DE,cancel Netflix,0
"Aug 14 – 20, 2022",1660435200,Germany,DE,cancel Netflix,0
"Aug 21 – 27, 2022",1661040000,Germany,DE,cancel Netflix,0
"Aug 28 – Sep 3, 2022",1661644800,Germany,DE,cancel Netflix,0
"Sep 4 – 10, 2022",1662249600,Germany,DE,cancel Netflix,0
"Sep 11 – 17, 2022",1662854400,Germany,DE,cancel Netflix,0
"Sep 18 – 24, 2022",1663459200,Germany,DE,cancel Netflix,0
"Sep 25 – Oct 1, 2022",1664064000,Germany,DE,cancel Netflix,0
"Oct 2 – 8, 2022",1664668800,Germany,DE,cancel Netflix,0
"Oct 9 – 15, 2022",1665273600,Germany,DE,cancel Netflix,0
"Oct 16 – 22, 2022",1665878400,Germany,DE,cancel Netflix,0
"Oct 23 – 29, 2022",1666483200,Germany,DE,cancel Netflix,0
"Oct 30 – Nov 5, 2022",1667088000,Germany,DE,cancel Netflix,0
"Nov 6 – 12, 2022",1667692800,Germany,DE,cancel Netflix,0
"Nov 13 – 19, 2022",1668297600,Germany,DE,cancel Netflix,0
"Nov 20 – 26, 2022",1668902400,Germany,DE,cancel Netflix,0
"Nov 27 – Dec 3, 2022",1669507200,Germany,DE,cancel Netflix,0
"Dec 4 – 10, 2022",1670112000,Germany,DE,cancel Netflix,0
"Dec 11 – 17, 2022",1670716800,Germany,DE,cancel Netflix,0
"Dec 18 – 24, 2022",1671321600,Germany,DE,cancel Netflix,0
"Dec 25 – 31, 2022",1671926400,Germany,DE,cancel Netflix,0
"Jan 1 – 7, 2023",1672531200,Germany,DE,cancel Netflix,0
"Jan 8 – 14, 2023",1673136000,Germany,DE,cancel Netflix,0
"Jan 15 – 21, 2023",1673740800,Germany,DE,cancel Netflix,0
"Jan 22 – 28, 2023",1674345600,Germany,DE,cancel Netflix,0
"Jan 29 – Feb 4, 2023",1674950400,Germany,DE,cancel Netflix,85
"Feb 5 – 11, 2023",1675555200,Germany,DE,cancel Netflix,0
"Feb 12 – 18, 2023",1676160000,Germany,DE,cancel Netflix,0
"Feb 19 – 25, 2023",1676764800,Germany,DE,cancel Netflix,0
"Feb 26 – Mar 4, 2023",1677369600,Germany,DE,cancel Netflix,0
"Mar 5 – 11, 2023",1677974400,Germany,DE,cancel Netflix,0
"Mar 12 – 18, 2023",1678579200,Germany,DE,cancel Netflix,0
"Mar 19 – 25, 2023",1679184000,Germany,DE,cancel Netflix,0
"Mar 26 – Apr 1, 2023",1679788800,Germany,DE,cancel Netflix,0
"Apr 2 – 8, 2023",1680393600,Germany,DE,cancel Netflix,0
"Apr 9 – 15, 2023",1680998400,Germany,DE,cancel Netflix,0
"Apr 16 – 22, 2023",1681603200,Germany,DE,cancel Netflix,0
"Apr 23 – 29, 2023",1682208000,Germany,DE,cancel Netflix,0
"Apr 30 – May 6, 2023",1682812800,Germany,DE,cancel Netflix,0
"May 7 – 13, 2023",1683417600,Germany,DE,cancel Netflix,0
"May 14 – 20, 2023",1684022400,Germany,DE,cancel Netflix,0
"May 21 – 27, 2023",1684627200,Germany,DE,cancel Netflix,0
"May 28 – Jun 3, 2023",1685232000,Germany,DE,cancel Netflix,0
"Jun 4 – 10, 2023",1685836800,Germany,DE,cancel Netflix,68
"Jun 11 – 17, 2023",1686441600,Germany,DE,cancel Netflix,0
"Jun 18 – 24, 2023",1687046400,Germany,DE,cancel Netflix,0
"Jun 25 – Jul 1, 2023",1687651200,Germany,DE,cancel Netflix,68
"Jul 2 – 8, 2023",1688256000,Germany,DE,cancel Netflix,0
"Jul 9 – 15, 2023",1688860800,Germany,DE,cancel Netflix,0
"Jul 16 – 22, 2023",1689465600,Germany,DE,cancel Netflix,0
"Jul 23 – 29, 2023",1690070400,Germany,DE,cancel Netflix,0
"Jul 30 – Aug 5, 2023",1690675200,Germany,DE,cancel Netflix,0
"Aug 6 – 12, 2023",1691280000,Germany,DE,cancel Netflix,0
"Aug 13 – 19, 2023",1691884800,Germany,DE,cancel Netflix,0
"Aug 20 – 26, 2023",1692489600,Germany,DE,cancel Netflix,0
"Aug 27 – Sep 2, 2023",1693094400,Germany,DE,cancel Netflix,0
"Sep 3 – 9, 2023",1693699200,Germany,DE,cancel Netflix,0
"Sep 10 – 16, 2023",1694304000,Germany,DE,cancel Netflix,0
"Sep 17 – 23, 2023",1694908800,Germany,DE,cancel Netflix,0
"Sep 24 – 30, 2023",1695513600,Germany,DE,cancel Netflix,0
"Oct 1 – 7, 2023",1696118400,Germany,DE,cancel Netflix,0
"Oct 8 – 14, 2023",1696723200,Germany,DE,cancel Netflix,0
"Oct 15 – 21, 2023",1697328000,Germany,DE,cancel Netflix,0
"Oct 22 – 28, 2023",1697932800,Germany,DE,cancel Netflix,0
"Oct 29 – Nov 4, 2023",1698537600,Germany,DE,cancel Netflix,0
"Nov 5 – 11, 2023",1699142400,Germany,DE,cancel Netflix,0
"Nov 12 – 18, 2023",1699747200,Germany,DE,cancel Netflix,0
"Nov 19 – 25, 2023",1700352000,Germany,DE,cancel Netflix,0
"Nov 26 – Dec 2, 2023",1700956800,Germany,DE,cancel Netflix,0
"Dec 3 – 9, 2023",1701561600,Germany,DE,cancel Netflix,0
"Dec 10 – 16, 2023",1702166400,Germany,DE,cancel Netflix,0
"Dec 17 – 23, 2023",1702771200,Germany,DE,cancel Netflix,0
"Dec 24 – 30, 2023",1703376000,Germany,DE,cancel Netflix,0
"Dec 31, 2023 – Jan 6, 2024",1703980800,Germany,DE,cancel Netflix,0
"Aug 29 – Sep 4, 2021",1630195200,Australia,AU,Netflix,77
"Sep 5 – 11, 2021",1630800000,Australia,AU,Netflix,73
"Sep 12 – 18, 2021",1631404800,Australia,AU,Netflix,77
"Sep 19 – 25, 2021",1632009600,Australia,AU,Netflix,78
"Sep 26 – Oct 2, 2021",1632614400,Australia,AU,Netflix,87
"Oct 3 – 9, 2021",1633219200,Australia,AU,Netflix,85
"Oct 10 – 16, 2021",1633824000,Australia,AU,Netflix,81
"Oct 17 – 23, 2021",1634428800,Australia,AU,Netflix,72
"Oct 24 – 30, 2021",1635033600,Australia,AU,Netflix,69
"Oct 31 – Nov 6, 2021",1635638400,Australia,AU,Netflix,65
"Nov 7 – 13, 2021",1636243200,Australia,AU,Netflix,70
"Nov 14 – 20, 2021",1636848000,Australia,AU,Netflix,65
"Nov 21 – 27, 2021",1637452800,Australia,AU,Netflix,70
"Nov 28 – Dec 4, 2021",1638057600,Australia,AU,Netflix,71
"Dec 5 – 11, 2021",1638662400,Australia,AU,Netflix,70
"Dec 12 – 18, 2021",1639267200,Australia,AU,Netflix,69
"Dec 19 – 25, 2021",1639872000,Australia,AU,Netflix,74
"Dec 26, 2021 – Jan 1, 2022",1640476800,Australia,AU,Netflix,91
"Jan 2 – 8, 2022",1641081600,Australia,AU,Netflix,100
"Jan 9 – 15, 2022",1641686400,Australia,AU,Netflix,88
"Jan 16 – 22, 2022",1642291200,Australia,AU,Netflix,80
"Jan 23 – 29, 2022",1642896000,Australia,AU,Netflix,79
"Jan 30 – Feb 5, 2022",1643500800,Australia,AU,Netflix,75
"Feb 6 – 12, 2022",1644105600,Australia,AU,Netflix,70
"Feb 13 – 19, 2022",1644710400,Australia,AU,Netflix,66
"Feb 20 – 26, 2022",1645315200,Australia,AU,Netflix,68
"Feb 27 – Mar 5, 2022",1645920000,Australia,AU,Netflix,72
"Mar 6 – 12, 2022",1646524800,Australia,AU,Netflix,71
"Mar 13 – 19, 2022",1647129600,Australia,AU,Netflix,67
"Mar 20 – 26, 2022",1647734400,Australia,AU,Netflix,69
"Mar 27 – Apr 2, 2022",1648339200,Australia,AU,Netflix,69
"Apr 3 – 9, 2022",1648944000,Australia,AU,Netflix,71
"Apr 10 – 16, 2022",1649548800,Australia,AU,Netflix,79
"Apr 17 – 23, 2022",1650153600,Australia,AU,Netflix,92
"Apr 24 – 30, 2022",1650758400,Australia,AU,Netflix,80
"May 1 – 7, 2022",1651363200,Australia,AU,Netflix,69
"May 8 – 14, 2022",1651968000,Australia,AU,Netflix,75
"May 15 – 21, 2022",1652572800,Australia,AU,Netflix,70
"May 22 – 28, 2022",1653177600,Australia,AU,Netflix,73
"May 29 – Jun 4, 2022",1653782400,Australia,AU,Netflix,74
"Jun 5 – 11, 2022",1654387200,Australia,AU,Netflix,72
"Jun 12 – 18, 2022",1654992000,Australia,AU,Netflix,73
"Jun 19 – 25, 2022",1655596800,Australia,AU,Netflix,77
"Jun 26 – Jul 2, 2022",1656201600,Australia,AU,Netflix,82
"Jul 3 – 9, 2022",1656806400,Australia,AU,Netflix,79
"Jul 10 – 16, 2022",1657411200,Australia,AU,Netflix,84
"Jul 17 – 23, 2022",1658016000,Australia,AU,Netflix,83
"Jul 24 – 30, 2022",1658620800,Australia,AU,Netflix,76
"Jul 31 – Aug 6, 2022",1659225600,Australia,AU,Netflix,71
"Aug 7 – 13, 2022",1659830400,Australia,AU,Netflix,72
"Aug 14 – 20, 2022",1660435200,Australia,AU,Netflix,68
"Aug 21 – 27, 2022",1661040000,Australia,AU,Netflix,70
"Aug 28 – Sep 3, 2022",1661644800,Australia,AU,Netflix,68
"Sep 4 – 10, 2022",1662249600,Australia,AU,Netflix,65
"Sep 11 – 17, 2022",1662854400,Australia,AU,Netflix,67
"Sep 18 – 24, 2022",1663459200,Australia,AU,Netflix,85
"Sep 25 – Oct 1, 2022",1664064000,Australia,AU,Netflix,91
"Oct 2 – 8, 2022",1664668800,Australia,AU,Netflix,84
"Oct 9 – 15, 2022",1665273600,Australia,AU,Netflix,74
"Oct 16 – 22, 2022",1665878400,Australia,AU,Netflix,75
"Oct 23 – 29, 2022",1666483200,Australia,AU,Netflix,71
"Oct 30 – Nov 5, 2022",1667088000,Australia,AU,Netflix,75
"Nov 6 – 12, 2022",1667692800,Australia,AU,Netflix,69
"Nov 13 – 19, 2022",1668297600,Australia,AU,Netflix,65
"Nov 20 – 26, 2022",1668902400,Australia,AU,Netflix,71
"Nov 27 – Dec 3, 2022",1669507200,Australia,AU,Netflix,80
"Dec 4 – 10, 2022",1670112000,Australia,AU,Netflix,89
"Dec 11 – 17, 2022",1670716800,Australia,AU,Netflix,83
"Dec 18 – 24, 2022",1671321600,Australia,AU,Netflix,86
"Dec 25 – 31, 2022",1671926400,Australia,AU,Netflix,94
"Jan 1 – 7, 2023",1672531200,Australia,AU,Netflix,91
"Jan 8 – 14, 2023",1673136000,Australia,AU,Netflix,80
"Jan 15 – 21, 2023",1673740800,Australia,AU,Netflix,73
"Jan 22 – 28, 2023",1674345600,Australia,AU,Netflix,74
"Jan 29 – Feb 4, 2023",1674950400,Australia,AU,Netflix,72
"Feb 5 – 11, 2023",1675555200,Australia,AU,Netflix,72
"Feb 12 – 18, 2023",1676160000,Australia,AU,Netflix,68
"Feb 19 – 25, 2023",1676764800,Australia,AU,Netflix,69
"Feb 26 – Mar 4, 2023",1677369600,Australia,AU,Netflix,66
"Mar 5 – 11, 2023",1677974400,Australia,AU,Netflix,67
"Mar 12 – 18, 2023",1678579200,Australia,AU,Netflix,63
"Mar 19 – 25, 2023",1679184000,Australia,AU,Netflix,63
"Mar 26 – Apr 1, 2023",1679788800,Australia,AU,Netflix,67
"Apr 2 – 8, 2023",1680393600,Australia,AU,Netflix,71
"Apr 9 – 15, 2023",1680998400,Australia,AU,Netflix,84
"Apr 16 – 22, 2023",1681603200,Australia,AU,Netflix,82
"Apr 23 – 29, 2023",1682208000,Australia,AU,Netflix,81
"Apr 30 – May 6, 2023",1682812800,Australia,AU,Netflix,64
"May 7 – 13, 2023",1683417600,Australia,AU,Netflix,63
"May 14 – 20, 2023",1684022400,Australia,AU,Netflix,68
"May 21 – 27, 2023",1684627200,Australia,AU,Netflix,85
"May 28 – Jun 3, 2023",1685232000,Australia,AU,Netflix,74
"Jun 4 – 10, 2023",1685836800,Australia,AU,Netflix,78
"Jun 11 – 17, 2023",1686441600,Australia,AU,Netflix,72
"Jun 18 – 24, 2023",1687046400,Australia,AU,Netflix,72
"Jun 25 – Jul 1, 2023",1687651200,Australia,AU,Netflix,74
"Jul 2 – 8, 2023",1688256000,Australia,AU,Netflix,74
"Jul 9 – 15, 2023",1688860800,Australia,AU,Netflix,69
"Jul 16 – 22, 2023",1689465600,Australia,AU,Netflix,62
"Jul 23 – 29, 2023",1690070400,Australia,AU,Netflix,65
"Jul 30 – Aug 5, 2023",1690675200,Australia,AU,Netflix,59
"Aug 6 – 12, 2023",1691280000,Australia,AU,Netflix,59
"Aug 13 – 19, 2023",1691884800,Australia,AU,Netflix,60
"Aug 20 – 26, 2023",1692489600,Australia,AU,Netflix,62
"Aug 27 – Sep 2, 2023",1693094400,Australia,AU,Netflix,68
"Sep 3 – 9, 2023",1693699200,Australia,AU,Netflix,69
"Sep 10 – 16, 2023",1694304000,Australia,AU,Netflix,65
"Sep 17 – 23, 2023",1694908800,Australia,AU,Netflix,65
"Sep 24 – 30, 2023",1695513600,Australia,AU,Netflix,64
"Oct 1 – 7, 2023",1696118400,Australia,AU,Netflix,70
"Oct 8 – 14, 2023",1696723200,Australia,AU,Netflix,64
"Oct 15 – 21, 2023",1697328000,Australia,AU,Netflix,64
"Oct 22 – 28, 2023",1697932800,Australia,AU,Netflix,66
"Oct 29 – Nov 4, 2023",1698537600,Australia,AU,Netflix,67
"Nov 5 – 11, 2023",1699142400,Australia,AU,Netflix,65
"Nov 12 – 18, 2023",1699747200,Australia,AU,Netflix,66
"Nov 19 – 25, 2023",1700352000,Australia,AU,Netflix,66
"Nov 26 – Dec 2, 2023",1700956800,Australia,AU,Netflix,66
"Dec 3 – 9, 2023",1701561600,Australia,AU,Netflix,69
"Dec 10 – 16, 2023",1702166400,Australia,AU,Netflix,77
"Dec 17 – 23, 2023",1702771200,Australia,AU,Netflix,72
"Dec 24 – 30, 2023",1703376000,Australia,AU,Netflix,88
"Dec 31, 2023 – Jan 6, 2024",1703980800,Australia,AU,Netflix,88
"Aug 29 – Sep 4, 2021",1630195200,Australia,AU,cancel Netflix,36
"Sep 5 – 11, 2021",1630800000,Australia,AU,cancel Netflix,56
"Sep 12 – 18, 2021",1631404800,Australia,AU,cancel Netflix,52
"Sep 19 – 25, 2021",1632009600,Australia,AU,cancel Netflix,41
"Sep 26 – Oct 2, 2021",1632614400,Australia,AU,cancel Netflix,60
"Oct 3 – 9, 2021",1633219200,Australia,AU,cancel Netflix,41
"Oct 10 – 16, 2021",1633824000,Australia,AU,cancel Netflix,41
"Oct 17 – 23, 2021",1634428800,Australia,AU,cancel Netflix,63
"Oct 24 – 30, 2021",1635033600,Australia,AU,cancel Netflix,0
"Oct 31 – Nov 6, 2021",1635638400,Australia,AU,cancel Netflix,32
"Nov 7 – 13, 2021",1636243200,Australia,AU,cancel Netflix,41
"Nov 14 – 20, 2021",1636848000,Australia,AU,cancel Netflix,57
"Nov 21 – 27, 2021",1637452800,Australia,AU,cancel Netflix,58
"Nov 28 – Dec 4, 2021",1638057600,Australia,AU,cancel Netflix,52
"Dec 5 – 11, 2021",1638662400,Australia,AU,cancel Netflix,61
"Dec 12 – 18, 2021",1639267200,Australia,AU,cancel Netflix,66
"Dec 19 – 25, 2021",1639872000,Australia,AU,cancel Netflix,61
"Dec 26, 2021 – Jan 1, 2022",1640476800,Australia,AU,cancel Netflix,81
"Jan 2 – 8, 2022",1641081600,Australia,AU,cancel Netflix,53
"Jan 9 – 15, 2022",1641686400,Australia,AU,cancel Netflix,74
"Jan 16 – 22, 2022",1642291200,Australia,AU,cancel Netflix,100
"Jan 23 – 29, 2022",1642896000,Australia,AU,cancel Netflix,82
"Jan 30 – Feb 5, 2022",1643500800,Australia,AU,cancel Netflix,81
"Feb 6 – 12, 2022",1644105600,Australia,AU,cancel Netflix,63
"Feb 13 – 19, 2022",1644710400,Australia,AU,cancel Netflix,71
"Feb 20 – 26, 2022",1645315200,Australia,AU,cancel Netflix,74
"Feb 27 – Mar 5, 2022",1645920000,Australia,AU,cancel Netflix,78
"Mar 6 – 12, 2022",1646524800,Australia,AU,cancel Netflix,77
"Mar 13 – 19, 2022",1647129600,Australia,AU,cancel Netflix,63
"Mar 20 – 26, 2022",1647734400,Australia,AU,cancel Netflix,41
"Mar 27 – Apr 2, 2022",1648339200,Australia,AU,cancel Netflix,68
"Apr 3 – 9, 2022",1648944000,Australia,AU,cancel Netflix,65
"Apr 10 – 16, 2022",1649548800,Australia,AU,cancel Netflix,57
"Apr 17 – 23, 2022",1650153600,Australia,AU,cancel Netflix,93
"Apr 24 – 30, 2022",1650758400,Australia,AU,cancel Netflix,91
"May 1 – 7, 2022",1651363200,Australia,AU,cancel Netflix,72
"May 8 – 14, 2022",1651968000,Australia,AU,cancel Netflix,76
"May 15 – 21, 2022",1652572800,Australia,AU,cancel Netflix,56
"May 22 – 28, 2022",1653177600,Australia,AU,cancel Netflix,79
"May 29 – Jun 4, 2022",1653782400,Australia,AU,cancel Netflix,57
"Jun 5 – 11, 2022",1654387200,Australia,AU,cancel Netflix,60
"Jun 12 – 18, 2022",1654992000,Australia,AU,cancel Netflix,79
"Jun 19 – 25, 2022",1655596800,Australia,AU,cancel Netflix,61
"Jun 26 – Jul 2, 2022",1656201600,Australia,AU,cancel Netflix,68
"Jul 3 – 9, 2022",1656806400,Australia,AU,cancel Netflix,66
"Jul 10 – 16, 2022",1657411200,Australia,AU,cancel Netflix,84
"Jul 17 – 23, 2022",1658016000,Australia,AU,cancel Netflix,66
"Jul 24 – 30, 2022",1658620800,Australia,AU,cancel Netflix,57
"Jul 31 – Aug 6, 2022",1659225600,Australia,AU,cancel Netflix,54
"Aug 7 – 13, 2022",1659830400,Australia,AU,cancel Netflix,39
"Aug 14 – 20, 2022",1660435200,Australia,AU,cancel Netflix,31
"Aug 21 – 27, 2022",1661040000,Australia,AU,cancel Netflix,52
"Aug 28 – Sep 3, 2022",1661644800,Australia,AU,cancel Netflix,52
"Sep 4 – 10, 2022",1662249600,Australia,AU,cancel Netflix,65
"Sep 11 – 17, 2022",1662854400,Australia,AU,cancel Netflix,57
"Sep 18 – 24, 2022",1663459200,Australia,AU,cancel Netflix,61
"Sep 25 – Oct 1, 2022",1664064000,Australia,AU,cancel Netflix,51
"Oct 2 – 8, 2022",1664668800,Australia,AU,cancel Netflix,57
"Oct 9 – 15, 2022",1665273600,Australia,AU,cancel Netflix,55
"Oct 16 – 22, 2022",1665878400,Australia,AU,cancel Netflix,45
"Oct 23 – 29, 2022",1666483200,Australia,AU,cancel Netflix,64
"Oct 30 – Nov 5, 2022",1667088000,Australia,AU,cancel Netflix,44
"Nov 6 – 12, 2022",1667692800,Australia,AU,cancel Netflix,53
"Nov 13 – 19, 2022",1668297600,Australia,AU,cancel Netflix,44
"Nov 20 – 26, 2022",1668902400,Australia,AU,cancel Netflix,45
"Nov 27 – Dec 3, 2022",1669507200,Australia,AU,cancel Netflix,49
"Dec 4 – 10, 2022",1670112000,Australia,AU,cancel Netflix,72
"Dec 11 – 17, 2022",1670716800,Australia,AU,cancel Netflix,65
"Dec 18 – 24, 2022",1671321600,Australia,AU,cancel Netflix,61
"Dec 25 – 31, 2022",1671926400,Australia,AU,cancel Netflix,66
"Jan 1 – 7, 2023",1672531200,Australia,AU,cancel Netflix,74
"Jan 8 – 14, 2023",1673136000,Australia,AU,cancel Netflix,74
"Jan 15 – 21, 2023",1673740800,Australia,AU,cancel Netflix,71
"Jan 22 – 28, 2023",1674345600,Australia,AU,cancel Netflix,76
"Jan 29 – Feb 4, 2023",1674950400,Australia,AU,cancel Netflix,54
"Feb 5 – 11, 2023",1675555200,Australia,AU,cancel Netflix,78
"Feb 12 – 18, 2023",1676160000,Australia,AU,cancel Netflix,70
"Feb 19 – 25, 2023",1676764800,Australia,AU,cancel Netflix,41
"Feb 26 – Mar 4, 2023",1677369600,Australia,AU,cancel Netflix,67
"Mar 5 – 11, 2023",1677974400,Australia,AU,cancel Netflix,50
"Mar 12 – 18, 2023",1678579200,Australia,AU,cancel Netflix,66
"Mar 19 – 25, 2023",1679184000,Australia,AU,cancel Netflix,64
"Mar 26 – Apr 1, 2023",1679788800,Australia,AU,cancel Netflix,48
"Apr 2 – 8, 2023",1680393600,Australia,AU,cancel Netflix,40
"Apr 9 – 15, 2023",1680998400,Australia,AU,cancel Netflix,70
"Apr 16 – 22, 2023",1681603200,Australia,AU,cancel Netflix,54
"Apr 23 – 29, 2023",1682208000,Australia,AU,cancel Netflix,68
"Apr 30 – May 6, 2023",1682812800,Australia,AU,cancel Netflix,72
"May 7 – 13, 2023",1683417600,Australia,AU,cancel Netflix,51
"May 14 – 20, 2023",1684022400,Australia,AU,cancel Netflix,58
"May 21 – 27, 2023",1684627200,Australia,AU,cancel Netflix,95
"May 28 – Jun 3, 2023",1685232000,Australia,AU,cancel Netflix,76
"Jun 4 – 10, 2023",1685836800,Australia,AU,cancel Netflix,83
"Jun 11 – 17, 2023",1686441600,Australia,AU,cancel Netflix,84
"Jun 18 – 24, 2023",1687046400,Australia,AU,cancel Netflix,60
"Jun 25 – Jul 1, 2023",1687651200,Australia,AU,cancel Netflix,80
"Jul 2 – 8, 2023",1688256000,Australia,AU,cancel Netflix,44
"Jul 9 – 15, 2023",1688860800,Australia,AU,cancel Netflix,63
"Jul 16 – 22, 2023",1689465600,Australia,AU,cancel Netflix,43
"Jul 23 – 29, 2023",1690070400,Australia,AU,cancel Netflix,57
"Jul 30 – Aug 5, 2023",1690675200,Australia,AU,cancel Netflix,43
"Aug 6 – 12, 2023",1691280000,Australia,AU,cancel Netflix,29
"Aug 13 – 19, 2023",1691884800,Australia,AU,cancel Netflix,52
"Aug 20 – 26, 2023",1692489600,Australia,AU,cancel Netflix,62
"Aug 27 – Sep 2, 2023",1693094400,Australia,AU,cancel Netflix,40
"Sep 3 – 9, 2023",1693699200,Australia,AU,cancel Netflix,75
"Sep 10 – 16, 2023",1694304000,Australia,AU,cancel Netflix,40
"Sep 17 – 23, 2023",1694908800,Australia,AU,cancel Netflix,43
"Sep 24 – 30, 2023",1695513600,Australia,AU,cancel Netflix,61
"Oct 1 – 7, 2023",1696118400,Australia,AU,cancel Netflix,57
"Oct 8 – 14, 2023",1696723200,Australia,AU,cancel Netflix,45
"Oct 15 – 21, 2023",1697328000,Australia,AU,cancel Netflix,51
"Oct 22 – 28, 2023",1697932800,Australia,AU,cancel Netflix,53
"Oct 29 – Nov 4, 2023",1698537600,Australia,AU,cancel Netflix,45
"Nov 5 – 11, 2023",1699142400,Australia,AU,cancel Netflix,50
"Nov 12 – 18, 2023",1699747200,Australia,AU,cancel Netflix,68
"Nov 19 – 25, 2023",1700352000,Australia,AU,cancel Netflix,30
"Nov 26 – Dec 2, 2023",1700956800,Australia,AU,cancel Netflix,60
"Dec 3 – 9, 2023",1701561600,Australia,AU,cancel Netflix,47
"Dec 10 – 16, 2023",1702166400,Australia,AU,cancel Netflix,43
"Dec 17 – 23, 2023",1702771200,Australia,AU,cancel Netflix,50
"Dec 24 – 30, 2023",1703376000,Australia,AU,cancel Netflix,62
"Dec 31, 2023 – Jan 6, 2024",1703980800,Australia,AU,cancel Netflix,80
"Aug 29 – Sep 4, 2021",1630195200,India,IN,Netflix,56
"Sep 5 – 11, 2021",1630800000,India,IN,Netflix,48
"Sep 12 – 18, 2021",1631404800,India,IN,Netflix,43
"Sep 19 – 25, 2021",1632009600,India,IN,Netflix,40
"Sep 26 – Oct 2, 2021",1632614400,India,IN,Netflix,41
"Oct 3 – 9, 2021",1633219200,India,IN,Netflix,42
"Oct 10 – 16, 2021",1633824000,India,IN,Netflix,49
"Oct 17 – 23, 2021",1634428800,India,IN,Netflix,48
"Oct 24 – 30, 2021",1635033600,India,IN,Netflix,38
"Oct 31 – Nov 6, 2021",1635638400,India,IN,Netflix,44
"Nov 7 – 13, 2021",1636243200,India,IN,Netflix,45
"Nov 14 – 20, 2021",1636848000,India,IN,Netflix,44
"Nov 21 – 27, 2021",1637452800,India,IN,Netflix,43
"Nov 28 – Dec 4, 2021",1638057600,India,IN,Netflix,50
"Dec 5 – 11, 2021",1638662400,India,IN,Netflix,51
"Dec 12 – 18, 2021",1639267200,India,IN,Netflix,75
"Dec 19 – 25, 2021",1639872000,India,IN,Netflix,69
"Dec 26, 2021 – Jan 1, 2022",1640476800,India,IN,Netflix,66
"Jan 2 – 8, 2022",1641081600,India,IN,Netflix,76
"Jan 9 – 15, 2022",1641686400,India,IN,Netflix,79
"Jan 16 – 22, 2022",1642291200,India,IN,Netflix,74
"Jan 23 – 29, 2022",1642896000,India,IN,Netflix,79
"Jan 30 – Feb 5, 2022",1643500800,India,IN,Netflix,68
"Feb 6 – 12, 2022",1644105600,India,IN,Netflix,59
"Feb 13 – 19, 2022",1644710400,India,IN,Netflix,55
"Feb 20 – 26, 2022",1645315200,India,IN,Netflix,55
"Feb 27 – Mar 5, 2022",1645920000,India,IN,Netflix,55
"Mar 6 – 12, 2022",1646524800,India,IN,Netflix,49
"Mar 13 – 19, 2022",1647129600,India,IN,Netflix,57
"Mar 20 – 26, 2022",1647734400,India,IN,Netflix,52
"Mar 27 – Apr 2, 2022",1648339200,India,IN,Netflix,45
"Apr 3 – 9, 2022",1648944000,India,IN,Netflix,44
"Apr 10 – 16, 2022",1649548800,India,IN,Netflix,49
"Apr 17 – 23, 2022",1650153600,India,IN,Netflix,55
"Apr 24 – 30, 2022",1650758400,India,IN,Netflix,52
"May 1 – 7, 2022",1651363200,India,IN,Netflix,51
"May 8 – 14, 2022",1651968000,India,IN,Netflix,50
"May 15 – 21, 2022",1652572800,India,IN,Netflix,55
"May 22 – 28, 2022",1653177600,India,IN,Netflix,57
"May 29 – Jun 4, 2022",1653782400,India,IN,Netflix,61
"Jun 5 – 11, 2022",1654387200,India,IN,Netflix,58
"Jun 12 – 18, 2022",1654992000,India,IN,Netflix,60
"Jun 19 – 25, 2022",1655596800,India,IN,Netflix,67
"Jun 26 – Jul 2, 2022",1656201600,India,IN,Netflix,64
"Jul 3 – 9, 2022",1656806400,India,IN,Netflix,59
"Jul 10 – 16, 2022",1657411200,India,IN,Netflix,64
"Jul 17 – 23, 2022",1658016000,India,IN,Netflix,60
"Jul 24 – 30, 2022",1658620800,India,IN,Netflix,57
"Jul 31 – Aug 6, 2022",1659225600,India,IN,Netflix,57
"Aug 7 – 13, 2022",1659830400,India,IN,Netflix,65
"Aug 14 – 20, 2022",1660435200,India,IN,Netflix,66
"Aug 21 – 27, 2022",1661040000,India,IN,Netflix,58
"Aug 28 – Sep 3, 2022",1661644800,India,IN,Netflix,55
"Sep 4 – 10, 2022",1662249600,India,IN,Netflix,54
"Sep 11 – 17, 2022",1662854400,India,IN,Netflix,54
"Sep 18 – 24, 2022",1663459200,India,IN,Netflix,54
"Sep 25 – Oct 1, 2022",1664064000,India,IN,Netflix,54
"Oct 2 – 8, 2022",1664668800,India,IN,Netflix,61
"Oct 9 – 15, 2022",1665273600,India,IN,Netflix,53
"Oct 16 – 22, 2022",1665878400,India,IN,Netflix,55
"Oct 23 – 29, 2022",1666483200,India,IN,Netflix,61
"Oct 30 – Nov 5, 2022",1667088000,India,IN,Netflix,53
"Nov 6 – 12, 2022",1667692800,India,IN,Netflix,53
"Nov 13 – 19, 2022",1668297600,India,IN,Netflix,52
"Nov 20 – 26, 2022",1668902400,India,IN,Netflix,52
"Nov 27 – Dec 3, 2022",1669507200,India,IN,Netflix,54
"Dec 4 – 10, 2022",1670112000,India,IN,Netflix,59
"Dec 11 – 17, 2022",1670716800,India,IN,Netflix,62
"Dec 18 – 24, 2022",1671321600,India,IN,Netflix,66
"Dec 25 – 31, 2022",1671926400,India,IN,Netflix,74
"Jan 1 – 7, 2023",1672531200,India,IN,Netflix,68
"Jan 8 – 14, 2023",1673136000,India,IN,Netflix,63
"Jan 15 – 21, 2023",1673740800,India,IN,Netflix,64
"Jan 22 – 28, 2023",1674345600,India,IN,Netflix,67
"Jan 29 – Feb 4, 2023",1674950400,India,IN,Netflix,62
"Feb 5 – 11, 2023",1675555200,India,IN,Netflix,61
"Feb 12 – 18, 2023",1676160000,India,IN,Netflix,61
"Feb 19 – 25, 2023",1676764800,India,IN,Netflix,61
"Feb 26 – Mar 4, 2023",1677369600,India,IN,Netflix,61
"Mar 5 – 11, 2023",1677974400,India,IN,Netflix,65
"Mar 12 – 18, 2023",1678579200,India,IN,Netflix,62
"Mar 19 – 25, 2023",1679184000,India,IN,Netflix,62
"Mar 26 – Apr 1, 2023",1679788800,India,IN,Netflix,61
"Apr 2 – 8, 2023",1680393600,India,IN,Netflix,60
"Apr 9 – 15, 2023",1680998400,India,IN,Netflix,61
"Apr 16 – 22, 2023",1681603200,India,IN,Netflix,60
"Apr 23 – 29, 2023",1682208000,India,IN,Netflix,57
"Apr 30 – May 6, 2023",1682812800,India,IN,Netflix,59
"May 7 – 13, 2023",1683417600,India,IN,Netflix,58
"May 14 – 20, 2023",1684022400,India,IN,Netflix,62
"May 21 – 27, 2023",1684627200,India,IN,Netflix,63
"May 28 – Jun 3, 2023",1685232000,India,IN,Netflix,65
"Jun 4 – 10, 2023",1685836800,India,IN,Netflix,64
"Jun 11 – 17, 2023",1686441600,India,IN,Netflix,69
"Jun 18 – 24, 2023",1687046400,India,IN,Netflix,67
"Jun 25 – Jul 1, 2023",1687651200,India,IN,Netflix,68
"Jul 2 – 8, 2023",1688256000,India,IN,Netflix,62
"Jul 9 – 15, 2023",1688860800,India,IN,Netflix,58
"Jul 16 – 22, 2023",1689465600,India,IN,Netflix,66
"Jul 23 – 29, 2023",1690070400,India,IN,Netflix,70
"Jul 30 – Aug 5, 2023",1690675200,India,IN,Netflix,61
"Aug 6 – 12, 2023",1691280000,India,IN,Netflix,56
"Aug 13 – 19, 2023",1691884800,India,IN,Netflix,62
"Aug 20 – 26, 2023",1692489600,India,IN,Netflix,60
"Aug 27 – Sep 2, 2023",1693094400,India,IN,Netflix,67
"Sep 3 – 9, 2023",1693699200,India,IN,Netflix,66
"Sep 10 – 16, 2023",1694304000,India,IN,Netflix,57
"Sep 17 – 23, 2023",1694908800,India,IN,Netflix,100
"Sep 24 – 30, 2023",1695513600,India,IN,Netflix,75
"Oct 1 – 7, 2023",1696118400,India,IN,Netflix,66
"Oct 8 – 14, 2023",1696723200,India,IN,Netflix,56
"Oct 15 – 21, 2023",1697328000,India,IN,Netflix,58
"Oct 22 – 28, 2023",1697932800,India,IN,Netflix,64
"Oct 29 – Nov 4, 2023",1698537600,India,IN,Netflix,62
"Nov 5 – 11, 2023",1699142400,India,IN,Netflix,58
"Nov 12 – 18, 2023",1699747200,India,IN,Netflix,67
"Nov 19 – 25, 2023",1700352000,India,IN,Netflix,63
"Nov 26 – Dec 2, 2023",1700956800,India,IN,Netflix,67
"Dec 3 – 9, 2023",1701561600,India,IN,Netflix,67
"Dec 10 – 16, 2023",1702166400,India,IN,Netflix,66
"Dec 17 – 23, 2023",1702771200,India,IN,Netflix,62
"Dec 24 – 30, 2023",1703376000,India,IN,Netflix,79
"Dec 31, 2023 – Jan 6, 2024",1703980800,India,IN,Netflix,76
"Aug 29 – Sep 4, 2021",1630195200,India,IN,cancel Netflix,51
"Sep 5 – 11, 2021",1630800000,India,IN,cancel Netflix,35
"Sep 12 – 18, 2021",1631404800,India,IN,cancel Netflix,27
"Sep 19 – 25, 2021",1632009600,India,IN,cancel Netflix,21
"Sep 26 – Oct 2, 2021",1632614400,India,IN,cancel Netflix,41
"Oct 3 – 9, 2021",1633219200,India,IN,cancel Netflix,37
"Oct 10 – 16, 2021",1633824000,India,IN,cancel Netflix,37
"Oct 17 – 23, 2021",1634428800,India,IN,cancel Netflix,32
"Oct 24 – 30, 2021",1635033600,India,IN,cancel Netflix,33
"Oct 31 – Nov 6, 2021",1635638400,India,IN,cancel Netflix,36
"Nov 7 – 13, 2021",1636243200,India,IN,cancel Netflix,43
"Nov 14 – 20, 2021",1636848000,India,IN,cancel Netflix,47
"Nov 21 – 27, 2021",1637452800,India,IN,cancel Netflix,34
"Nov 28 – Dec 4, 2021",1638057600,India,IN,cancel Netflix,40
"Dec 5 – 11, 2021",1638662400,India,IN,cancel Netflix,38
"Dec 12 – 18, 2021",1639267200,India,IN,cancel Netflix,70
"Dec 19 – 25, 2021",1639872000,India,IN,cancel Netflix,67
"Dec 26, 2021 – Jan 1, 2022",1640476800,India,IN,cancel Netflix,63
"Jan 2 – 8, 2022",1641081600,India,IN,cancel Netflix,98
"Jan 9 – 15, 2022",1641686400,India,IN,cancel Netflix,96
"Jan 16 – 22, 2022",1642291200,India,IN,cancel Netflix,100
"Jan 23 – 29, 2022",1642896000,India,IN,cancel Netflix,85
"Jan 30 – Feb 5, 2022",1643500800,India,IN,cancel Netflix,91
"Feb 6 – 12, 2022",1644105600,India,IN,cancel Netflix,68
"Feb 13 – 19, 2022",1644710400,India,IN,cancel Netflix,70
"Feb 20 – 26, 2022",1645315200,India,IN,cancel Netflix,74
"Feb 27 – Mar 5, 2022",1645920000,India,IN,cancel Netflix,64
"Mar 6 – 12, 2022",1646524800,India,IN,cancel Netflix,68
"Mar 13 – 19, 2022",1647129600,India,IN,cancel Netflix,63
"Mar 20 – 26, 2022",1647734400,India,IN,cancel Netflix,55
"Mar 27 – Apr 2, 2022",1648339200,India,IN,cancel Netflix,51
"Apr 3 – 9, 2022",1648944000,India,IN,cancel Netflix,60
"Apr 10 – 16, 2022",1649548800,India,IN,cancel Netflix,61
"Apr 17 – 23, 2022",1650153600,India,IN,cancel Netflix,57
"Apr 24 – 30, 2022",1650758400,India,IN,cancel Netflix,62
"May 1 – 7, 2022",1651363200,India,IN,cancel Netflix,54
"May 8 – 14, 2022",1651968000,India,IN,cancel Netflix,62
"May 15 – 21, 2022",1652572800,India,IN,cancel Netflix,57
"May 22 – 28, 2022",1653177600,India,IN,cancel Netflix,57
"May 29 – Jun 4, 2022",1653782400,India,IN,cancel Netflix,61
"Jun 5 – 11, 2022",1654387200,India,IN,cancel Netflix,52
"Jun 12 – 18, 2022",1654992000,India,IN,cancel Netflix,53
"Jun 19 – 25, 2022",1655596800,India,IN,cancel Netflix,74
"Jun 26 – Jul 2, 2022",1656201600,India,IN,cancel Netflix,70
"Jul 3 – 9, 2022",1656806400,India,IN,cancel Netflix,70
"Jul 10 – 16, 2022",1657411200,India,IN,cancel Netflix,57
"Jul 17 – 23, 2022",1658016000,India,IN,cancel Netflix,61
"Jul 24 – 30, 2022",1658620800,India,IN,cancel Netflix,58
"Jul 31 – Aug 6, 2022",1659225600,India,IN,cancel Netflix,67
"Aug 7 – 13, 2022",1659830400,India,IN,cancel Netflix,59
"Aug 14 – 20, 2022",1660435200,India,IN,cancel Netflix,58
"Aug 21 – 27, 2022",1661040000,India,IN,cancel Netflix,65
"Aug 28 – Sep 3, 2022",1661644800,India,IN,cancel Netflix,56
"Sep 4 – 10, 2022",1662249600,India,IN,cancel Netflix,55
"Sep 11 – 17, 2022",1662854400,India,IN,cancel Netflix,52
"Sep 18 – 24, 2022",1663459200,India,IN,cancel Netflix,51
"Sep 25 – Oct 1, 2022",1664064000,India,IN,cancel Netflix,60
"Oct 2 – 8, 2022",1664668800,India,IN,cancel Netflix,49
"Oct 9 – 15, 2022",1665273600,India,IN,cancel Netflix,56
"Oct 16 – 22, 2022",1665878400,India,IN,cancel Netflix,50
"Oct 23 – 29, 2022",1666483200,India,IN,cancel Netflix,49
"Oct 30 – Nov 5, 2022",1667088000,India,IN,cancel Netflix,76
"Nov 6 – 12, 2022",1667692800,India,IN,cancel Netflix,47
"Nov 13 – 19, 2022",1668297600,India,IN,cancel Netflix,42
"Nov 20 – 26, 2022",1668902400,India,IN,cancel Netflix,38
"Nov 27 – Dec 3, 2022",1669507200,India,IN,cancel Netflix,57
"Dec 4 – 10, 2022",1670112000,India,IN,cancel Netflix,50
"Dec 11 – 17, 2022",1670716800,India,IN,cancel Netflix,55
"Dec 18 – 24, 2022",1671321600,India,IN,cancel Netflix,53
"Dec 25 – 31, 2022",1671926400,India,IN,cancel Netflix,62
"Jan 1 – 7, 2023",1672531200,India,IN,cancel Netflix,67
"Jan 8 – 14, 2023",1673136000,India,IN,cancel Netflix,61
"Jan 15 – 21, 2023",1673740800,India,IN,cancel Netflix,47
"Jan 22 – 28, 2023",1674345600,India,IN,cancel Netflix,62
"Jan 29 – Feb 4, 2023",1674950400,India,IN,cancel Netflix,62
"Feb 5 – 11, 2023",1675555200,India,IN,cancel Netflix,69
"Feb 12 – 18, 2023",1676160000,India,IN,cancel Netflix,54
"Feb 19 – 25, 2023",1676764800,India,IN,cancel Netflix,54
"Feb 26 – Mar 4, 2023",1677369600,India,IN,cancel Netflix,52
"Mar 5 – 11, 2023",1677974400,India,IN,cancel Netflix,48
"Mar 12 – 18, 2023",1678579200,India,IN,cancel Netflix,59
"Mar 19 – 25, 2023",1679184000,India,IN,cancel Netflix,68
"Mar 26 – Apr 1, 2023",1679788800,India,IN,cancel Netflix,58
"Apr 2 – 8, 2023",1680393600,India,IN,cancel Netflix,62
"Apr 9 – 15, 2023",1680998400,India,IN,cancel Netflix,51
"Apr 16 – 22, 2023",1681603200,India,IN,cancel Netflix,39
"Apr 23 – 29, 2023",1682208000,India,IN,cancel Netflix,43
"Apr 30 – May 6, 2023",1682812800,India,IN,cancel Netflix,55
"May 7 – 13, 2023",1683417600,India,IN,cancel Netflix,63
"May 14 – 20, 2023",1684022400,India,IN,cancel Netflix,40
"May 21 – 27, 2023",1684627200,India,IN,cancel Netflix,61
"May 28 – Jun 3, 2023",1685232000,India,IN,cancel Netflix,56
"Jun 4 – 10, 2023",1685836800,India,IN,cancel Netflix,73
"Jun 11 – 17, 2023",1686441600,India,IN,cancel Netflix,50
"Jun 18 – 24, 2023",1687046400,India,IN,cancel Netflix,62
"Jun 25 – Jul 1, 2023",1687651200,India,IN,cancel Netflix,71
"Jul 2 – 8, 2023",1688256000,India,IN,cancel Netflix,69
"Jul 9 – 15, 2023",1688860800,India,IN,cancel Netflix,62
"Jul 16 – 22, 2023",1689465600,India,IN,cancel Netflix,68
"Jul 23 – 29, 2023",1690070400,India,IN,cancel Netflix,52
"Jul 30 – Aug 5, 2023",1690675200,India,IN,cancel Netflix,50
"Aug 6 – 12, 2023",1691280000,India,IN,cancel Netflix,57
"Aug 13 – 19, 2023",1691884800,India,IN,cancel Netflix,46
"Aug 20 – 26, 2023",1692489600,India,IN,cancel Netflix,58
"Aug 27 – Sep 2, 2023",1693094400,India,IN,cancel Netflix,63
"Sep 3 – 9, 2023",1693699200,India,IN,cancel Netflix,62
"Sep 10 – 16, 2023",1694304000,India,IN,cancel Netflix,53
"Sep 17 – 23, 2023",1694908800,India,IN,cancel Netflix,57
"Sep 24 – 30, 2023",1695513600,India,IN,cancel Netflix,58
"Oct 1 – 7, 2023",1696118400,India,IN,cancel Netflix,50
"Oct 8 – 14, 2023",1696723200,India,IN,cancel Netflix,52
"Oct 15 – 21, 2023",1697328000,India,IN,cancel Netflix,36
"Oct 22 – 28, 2023",1697932800,India,IN,cancel Netflix,50
"Oct 29 – Nov 4, 2023",1698537600,India,IN,cancel Netflix,49
"Nov 5 – 11, 2023",1699142400,India,IN,cancel Netflix,54
"Nov 12 – 18, 2023",1699747200,India,IN,cancel Netflix,57
"Nov 19 – 25, 2023",1700352000,India,IN,cancel Netflix,52
"Nov 26 – Dec 2, 2023",1700956800,India,IN,cancel Netflix,61
"Dec 3 – 9, 2023",1701561600,India,IN,cancel Netflix,52
"Dec 10 – 16, 2023",1702166400,India,IN,cancel Netflix,57
"Dec 17 – 23, 2023",1702771200,India,IN,cancel Netflix,52
"Dec 24 – 30, 2023",1703376000,India,IN,cancel Netflix,57
"Dec 31, 2023 – Jan 6, 2024",1703980800,India,IN,cancel Netflix,62
"Aug 29 – Sep 4, 2021",1630195200,United Arab Emirates,AE,Netflix,82
"Sep 5 – 11, 2021",1630800000,United Arab Emirates,AE,Netflix,81
"Sep 12 – 18, 2021",1631404800,United Arab Emirates,AE,Netflix,73
"Sep 19 – 25, 2021",1632009600,United Arab Emirates,AE,Netflix,75
"Sep 26 – Oct 2, 2021",1632614400,United Arab Emirates,AE,Netflix,73
"Oct 3 – 9, 2021",1633219200,United Arab Emirates,AE,Netflix,74
"Oct 10 – 16, 2021",1633824000,United Arab Emirates,AE,Netflix,75
"Oct 17 – 23, 2021",1634428800,United Arab Emirates,AE,Netflix,81
"Oct 24 – 30, 2021",1635033600,United Arab Emirates,AE,Netflix,63
"Oct 31 – Nov 6, 2021",1635638400,United Arab Emirates,AE,Netflix,63
"Nov 7 – 13, 2021",1636243200,United Arab Emirates,AE,Netflix,65
"Nov 14 – 20, 2021",1636848000,United Arab Emirates,AE,Netflix,69
"Nov 21 – 27, 2021",1637452800,United Arab Emirates,AE,Netflix,64
"Nov 28 – Dec 4, 2021",1638057600,United Arab Emirates,AE,Netflix,79
"Dec 5 – 11, 2021",1638662400,United Arab Emirates,AE,Netflix,71
"Dec 12 – 18, 2021",1639267200,United Arab Emirates,AE,Netflix,84
"Dec 19 – 25, 2021",1639872000,United Arab Emirates,AE,Netflix,96
"Dec 26, 2021 – Jan 1, 2022",1640476800,United Arab Emirates,AE,Netflix,87
"Jan 2 – 8, 2022",1641081600,United Arab Emirates,AE,Netflix,88
"Jan 9 – 15, 2022",1641686400,United Arab Emirates,AE,Netflix,100
"Jan 16 – 22, 2022",1642291200,United Arab Emirates,AE,Netflix,83
"Jan 23 – 29, 2022",1642896000,United Arab Emirates,AE,Netflix,85
"Jan 30 – Feb 5, 2022",1643500800,United Arab Emirates,AE,Netflix,80
"Feb 6 – 12, 2022",1644105600,United Arab Emirates,AE,Netflix,79
"Feb 13 – 19, 2022",1644710400,United Arab Emirates,AE,Netflix,76
"Feb 20 – 26, 2022",1645315200,United Arab Emirates,AE,Netflix,66
"Feb 27 – Mar 5, 2022",1645920000,United Arab Emirates,AE,Netflix,66
"Mar 6 – 12, 2022",1646524800,United Arab Emirates,AE,Netflix,65
"Mar 13 – 19, 2022",1647129600,United Arab Emirates,AE,Netflix,65
"Mar 20 – 26, 2022",1647734400,United Arab Emirates,AE,Netflix,67
"Mar 27 – Apr 2, 2022",1648339200,United Arab Emirates,AE,Netflix,63
"Apr 3 – 9, 2022",1648944000,United Arab Emirates,AE,Netflix,60
"Apr 10 – 16, 2022",1649548800,United Arab Emirates,AE,Netflix,65
"Apr 17 – 23, 2022",1650153600,United Arab Emirates,AE,Netflix,69
"Apr 24 – 30, 2022",1650758400,United Arab Emirates,AE,Netflix,68
"May 1 – 7, 2022",1651363200,United Arab Emirates,AE,Netflix,79
"May 8 – 14, 2022",1651968000,United Arab Emirates,AE,Netflix,61
"May 15 – 21, 2022",1652572800,United Arab Emirates,AE,Netflix,67
"May 22 – 28, 2022",1653177600,United Arab Emirates,AE,Netflix,70
"May 29 – Jun 4, 2022",1653782400,United Arab Emirates,AE,Netflix,73
"Jun 5 – 11, 2022",1654387200,United Arab Emirates,AE,Netflix,70
"Jun 12 – 18, 2022",1654992000,United Arab Emirates,AE,Netflix,74
"Jun 19 – 25, 2022",1655596800,United Arab Emirates,AE,Netflix,85
"Jun 26 – Jul 2, 2022",1656201600,United Arab Emirates,AE,Netflix,80
"Jul 3 – 9, 2022",1656806400,United Arab Emirates,AE,Netflix,77
"Jul 10 – 16, 2022",1657411200,United Arab Emirates,AE,Netflix,99
"Jul 17 – 23, 2022",1658016000,United Arab Emirates,AE,Netflix,80
"Jul 24 – 30, 2022",1658620800,United Arab Emirates,AE,Netflix,75
"Jul 31 – Aug 6, 2022",1659225600,United Arab Emirates,AE,Netflix,74
"Aug 7 – 13, 2022",1659830400,United Arab Emirates,AE,Netflix,72
"Aug 14 – 20, 2022",1660435200,United Arab Emirates,AE,Netflix,77
"Aug 21 – 27, 2022",1661040000,United Arab Emirates,AE,Netflix,76
"Aug 28 – Sep 3, 2022",1661644800,United Arab Emirates,AE,Netflix,63
"Sep 4 – 10, 2022",1662249600,United Arab Emirates,AE,Netflix,68
"Sep 11 – 17, 2022",1662854400,United Arab Emirates,AE,Netflix,68
"Sep 18 – 24, 2022",1663459200,United Arab Emirates,AE,Netflix,70
"Sep 25 – Oct 1, 2022",1664064000,United Arab Emirates,AE,Netflix,62
"Oct 2 – 8, 2022",1664668800,United Arab Emirates,AE,Netflix,66
"Oct 9 – 15, 2022",1665273600,United Arab Emirates,AE,Netflix,64
"Oct 16 – 22, 2022",1665878400,United Arab Emirates,AE,Netflix,67
"Oct 23 – 29, 2022",1666483200,United Arab Emirates,AE,Netflix,58
"Oct 30 – Nov 5, 2022",1667088000,United Arab Emirates,AE,Netflix,62
"Nov 6 – 12, 2022",1667692800,United Arab Emirates,AE,Netflix,57
"Nov 13 – 19, 2022",1668297600,United Arab Emirates,AE,Netflix,57
"Nov 20 – 26, 2022",1668902400,United Arab Emirates,AE,Netflix,53
"Nov 27 – Dec 3, 2022",1669507200,United Arab Emirates,AE,Netflix,58
"Dec 4 – 10, 2022",1670112000,United Arab Emirates,AE,Netflix,58
"Dec 11 – 17, 2022",1670716800,United Arab Emirates,AE,Netflix,68
"Dec 18 – 24, 2022",1671321600,United Arab Emirates,AE,Netflix,72
"Dec 25 – 31, 2022",1671926400,United Arab Emirates,AE,Netflix,71
"Jan 1 – 7, 2023",1672531200,United Arab Emirates,AE,Netflix,70
"Jan 8 – 14, 2023",1673136000,United Arab Emirates,AE,Netflix,66
"Jan 15 – 21, 2023",1673740800,United Arab Emirates,AE,Netflix,64
"Jan 22 – 28, 2023",1674345600,United Arab Emirates,AE,Netflix,64
"Jan 29 – Feb 4, 2023",1674950400,United Arab Emirates,AE,Netflix,63
"Feb 5 – 11, 2023",1675555200,United Arab Emirates,AE,Netflix,64
"Feb 12 – 18, 2023",1676160000,United Arab Emirates,AE,Netflix,64
"Feb 19 – 25, 2023",1676764800,United Arab Emirates,AE,Netflix,61
"Feb 26 – Mar 4, 2023",1677369600,United Arab Emirates,AE,Netflix,55
"Mar 5 – 11, 2023",1677974400,United Arab Emirates,AE,Netflix,59
"Mar 12 – 18, 2023",1678579200,United Arab Emirates,AE,Netflix,65
"Mar 19 – 25, 2023",1679184000,United Arab Emirates,AE,Netflix,63
"Mar 26 – Apr 1, 2023",1679788800,United Arab Emirates,AE,Netflix,59
"Apr 2 – 8, 2023",1680393600,United Arab Emirates,AE,Netflix,57
"Apr 9 – 15, 2023",1680998400,United Arab Emirates,AE,Netflix,57
"Apr 16 – 22, 2023",1681603200,United Arab Emirates,AE,Netflix,63
"Apr 23 – 29, 2023",1682208000,United Arab Emirates,AE,Netflix,59
"Apr 30 – May 6, 2023",1682812800,United Arab Emirates,AE,Netflix,54
"May 7 – 13, 2023",1683417600,United Arab Emirates,AE,Netflix,56
"May 14 – 20, 2023",1684022400,United Arab Emirates,AE,Netflix,57
"May 21 – 27, 2023",1684627200,United Arab Emirates,AE,Netflix,59
"May 28 – Jun 3, 2023",1685232000,United Arab Emirates,AE,Netflix,56
"Jun 4 – 10, 2023",1685836800,United Arab Emirates,AE,Netflix,61
"Jun 11 – 17, 2023",1686441600,United Arab Emirates,AE,Netflix,63
"Jun 18 – 24, 2023",1687046400,United Arab Emirates,AE,Netflix,68
"Jun 25 – Jul 1, 2023",1687651200,United Arab Emirates,AE,Netflix,80
"Jul 2 – 8, 2023",1688256000,United Arab Emirates,AE,Netflix,70
"Jul 9 – 15, 2023",1688860800,United Arab Emirates,AE,Netflix,74
"Jul 16 – 22, 2023",1689465600,United Arab Emirates,AE,Netflix,76
"Jul 23 – 29, 2023",1690070400,United Arab Emirates,AE,Netflix,70
"Jul 30 – Aug 5, 2023",1690675200,United Arab Emirates,AE,Netflix,68
"Aug 6 – 12, 2023",1691280000,United Arab Emirates,AE,Netflix,64
"Aug 13 – 19, 2023",1691884800,United Arab Emirates,AE,Netflix,63
"Aug 20 – 26, 2023",1692489600,United Arab Emirates,AE,Netflix,61
"Aug 27 – Sep 2, 2023",1693094400,United Arab Emirates,AE,Netflix,60
"Sep 3 – 9, 2023",1693699200,United Arab Emirates,AE,Netflix,63
"Sep 10 – 16, 2023",1694304000,United Arab Emirates,AE,Netflix,58
"Sep 17 – 23, 2023",1694908800,United Arab Emirates,AE,Netflix,59
"Sep 24 – 30, 2023",1695513600,United Arab Emirates,AE,Netflix,60
"Oct 1 – 7, 2023",1696118400,United Arab Emirates,AE,Netflix,58
"Oct 8 – 14, 2023",1696723200,United Arab Emirates,AE,Netflix,53
"Oct 15 – 21, 2023",1697328000,United Arab Emirates,AE,Netflix,60
"Oct 22 – 28, 2023",1697932800,United Arab Emirates,AE,Netflix,52
"Oct 29 – Nov 4, 2023",1698537600,United Arab Emirates,AE,Netflix,49
"Nov 5 – 11, 2023",1699142400,United Arab Emirates,AE,Netflix,48
"Nov 12 – 18, 2023",1699747200,United Arab Emirates,AE,Netflix,53
"Nov 19 – 25, 2023",1700352000,United Arab Emirates,AE,Netflix,54
"Nov 26 – Dec 2, 2023",1700956800,United Arab Emirates,AE,Netflix,56
"Dec 3 – 9, 2023",1701561600,United Arab Emirates,AE,Netflix,59
"Dec 10 – 16, 2023",1702166400,United Arab Emirates,AE,Netflix,62
"Dec 17 – 23, 2023",1702771200,United Arab Emirates,AE,Netflix,60
"Dec 24 – 30, 2023",1703376000,United Arab Emirates,AE,Netflix,66
"Dec 31, 2023 – Jan 6, 2024",1703980800,United Arab Emirates,AE,Netflix,66
"Aug 29 – Sep 4, 2021",1630195200,United Arab Emirates,AE,cancel Netflix,0
"Sep 5 – 11, 2021",1630800000,United Arab Emirates,AE,cancel Netflix,0
"Sep 12 – 18, 2021",1631404800,United Arab Emirates,AE,cancel Netflix,0
"Sep 19 – 25, 2021",1632009600,United Arab Emirates,AE,cancel Netflix,0
"Sep 26 – Oct 2, 2021",1632614400,United Arab Emirates,AE,cancel Netflix,0
"Oct 3 – 9, 2021",1633219200,United Arab Emirates,AE,cancel Netflix,0
"Oct 10 – 16, 2021",1633824000,United Arab Emirates,AE,cancel Netflix,0
"Oct 17 – 23, 2021",1634428800,United Arab Emirates,AE,cancel Netflix,0
"Oct 24 – 30, 2021",1635033600,United Arab Emirates,AE,cancel Netflix,0
"Oct 31 – Nov 6, 2021",1635638400,United Arab Emirates,AE,cancel Netflix,0
"Nov 7 – 13, 2021",1636243200,United Arab Emirates,AE,cancel Netflix,0
"Nov 14 – 20, 2021",1636848000,United Arab Emirates,AE,cancel Netflix,0
"Nov 21 – 27, 2021",1637452800,United Arab Emirates,AE,cancel Netflix,0
"Nov 28 – Dec 4, 2021",1638057600,United Arab Emirates,AE,cancel Netflix,0
"Dec 5 – 11, 2021",1638662400,United Arab Emirates,AE,cancel Netflix,0
"Dec 12 – 18, 2021",1639267200,United Arab Emirates,AE,cancel Netflix,0
"Dec 19 – 25, 2021",1639872000,United Arab Emirates,AE,cancel Netflix,0
"Dec 26, 2021 – Jan 1, 2022",1640476800,United Arab Emirates,AE,cancel Netflix,0
"Jan 2 – 8, 2022",1641081600,United Arab Emirates,AE,cancel Netflix,0
"Jan 9 – 15, 2022",1641686400,United Arab Emirates,AE,cancel Netflix,0
"Jan 16 – 22, 2022",1642291200,United Arab Emirates,AE,cancel Netflix,0
"Jan 23 – 29, 2022",1642896000,United Arab Emirates,AE,cancel Netflix,0
"Jan 30 – Feb 5, 2022",1643500800,United Arab Emirates,AE,cancel Netflix,0
"Feb 6 – 12, 2022",1644105600,United Arab Emirates,AE,cancel Netflix,0
"Feb 13 – 19, 2022",1644710400,United Arab Emirates,AE,cancel Netflix,0
"Feb 20 – 26, 2022",1645315200,United Arab Emirates,AE,cancel Netflix,0
"Feb 27 – Mar 5, 2022",1645920000,United Arab Emirates,AE,cancel Netflix,0
"Mar 6 – 12, 2022",1646524800,United Arab Emirates,AE,cancel Netflix,0
"Mar 13 – 19, 2022",1647129600,United Arab Emirates,AE,cancel Netflix,0
"Mar 20 – 26, 2022",1647734400,United Arab Emirates,AE,cancel Netflix,0
"Mar 27 – Apr 2, 2022",1648339200,United Arab Emirates,AE,cancel Netflix,0
"Apr 3 – 9, 2022",1648944000,United Arab Emirates,AE,cancel Netflix,0
"Apr 10 – 16, 2022",1649548800,United Arab Emirates,AE,cancel Netflix,0
"Apr 17 – 23, 2022",1650153600,United Arab Emirates,AE,cancel Netflix,82
"Apr 24 – 30, 2022",1650758400,United Arab Emirates,AE,cancel Netflix,91
"May 1 – 7, 2022",1651363200,United Arab Emirates,AE,cancel Netflix,0
"May 8 – 14, 2022",1651968000,United Arab Emirates,AE,cancel Netflix,0
"May 15 – 21, 2022",1652572800,United Arab Emirates,AE,cancel Netflix,0
"May 22 – 28, 2022",1653177600,United Arab Emirates,AE,cancel Netflix,0
"May 29 – Jun 4, 2022",1653782400,United Arab Emirates,AE,cancel Netflix,0
"Jun 5 – 11, 2022",1654387200,United Arab Emirates,AE,cancel Netflix,0
"Jun 12 – 18, 2022",1654992000,United Arab Emirates,AE,cancel Netflix,0
"Jun 19 – 25, 2022",1655596800,United Arab Emirates,AE,cancel Netflix,0
"Jun 26 – Jul 2, 2022",1656201600,United Arab Emirates,AE,cancel Netflix,0
"Jul 3 – 9, 2022",1656806400,United Arab Emirates,AE,cancel Netflix,0
"Jul 10 – 16, 2022",1657411200,United Arab Emirates,AE,cancel Netflix,0
"Jul 17 – 23, 2022",1658016000,United Arab Emirates,AE,cancel Netflix,0
"Jul 24 – 30, 2022",1658620800,United Arab Emirates,AE,cancel Netflix,0
"Jul 31 – Aug 6, 2022",1659225600,United Arab Emirates,AE,cancel Netflix,0
"Aug 7 – 13, 2022",1659830400,United Arab Emirates,AE,cancel Netflix,0
"Aug 14 – 20, 2022",1660435200,United Arab Emirates,AE,cancel Netflix,0
"Aug 21 – 27, 2022",1661040000,United Arab Emirates,AE,cancel Netflix,0
"Aug 28 – Sep 3, 2022",1661644800,United Arab Emirates,AE,cancel Netflix,0
"Sep 4 – 10, 2022",1662249600,United Arab Emirates,AE,cancel Netflix,0
"Sep 11 – 17, 2022",1662854400,United Arab Emirates,AE,cancel Netflix,0
"Sep 18 – 24, 2022",1663459200,United Arab Emirates,AE,cancel Netflix,0
"Sep 25 – Oct 1, 2022",1664064000,United Arab Emirates,AE,cancel Netflix,0
"Oct 2 – 8, 2022",1664668800,United Arab Emirates,AE,cancel Netflix,0
"Oct 9 – 15, 2022",1665273600,United Arab Emirates,AE,cancel Netflix,0
"Oct 16 – 22, 2022",1665878400,United Arab Emirates,AE,cancel Netflix,0
"Oct 23 – 29, 2022",1666483200,United Arab Emirates,AE,cancel Netflix,0
"Oct 30 – Nov 5, 2022",1667088000,United Arab Emirates,AE,cancel Netflix,0
"Nov 6 – 12, 2022",1667692800,United Arab Emirates,AE,cancel Netflix,0
"Nov 13 – 19, 2022",1668297600,United Arab Emirates,AE,cancel Netflix,0
"Nov 20 – 26, 2022",1668902400,United Arab Emirates,AE,cancel Netflix,0
"Nov 27 – Dec 3, 2022",1669507200,United Arab Emirates,AE,cancel Netflix,0
"Dec 4 – 10, 2022",1670112000,United Arab Emirates,AE,cancel Netflix,0
"Dec 11 – 17, 2022",1670716800,United Arab Emirates,AE,cancel Netflix,0
"Dec 18 – 24, 2022",1671321600,United Arab Emirates,AE,cancel Netflix,0
"Dec 25 – 31, 2022",1671926400,United Arab Emirates,AE,cancel Netflix,0
"Jan 1 – 7, 2023",1672531200,United Arab Emirates,AE,cancel Netflix,0
"Jan 8 – 14, 2023",1673136000,United Arab Emirates,AE,cancel Netflix,0
"Jan 15 – 21, 2023",1673740800,United Arab Emirates,AE,cancel Netflix,0
"Jan 22 – 28, 2023",1674345600,United Arab Emirates,AE,cancel Netflix,0
"Jan 29 – Feb 4, 2023",1674950400,United Arab Emirates,AE,cancel Netflix,89
"Feb 5 – 11, 2023",1675555200,United Arab Emirates,AE,cancel Netflix,0
"Feb 12 – 18, 2023",1676160000,United Arab Emirates,AE,cancel Netflix,0
"Feb 19 – 25, 2023",1676764800,United Arab Emirates,AE,cancel Netflix,0
"Feb 26 – Mar 4, 2023",1677369600,United Arab Emirates,AE,cancel Netflix,0
"Mar 5 – 11, 2023",1677974400,United Arab Emirates,AE,cancel Netflix,0
"Mar 12 – 18, 2023",1678579200,United Arab Emirates,AE,cancel Netflix,0
"Mar 19 – 25, 2023",1679184000,United Arab Emirates,AE,cancel Netflix,0
"Mar 26 – Apr 1, 2023",1679788800,United Arab Emirates,AE,cancel Netflix,0
"Apr 2 – 8, 2023",1680393600,United Arab Emirates,AE,cancel Netflix,0
"Apr 9 – 15, 2023",1680998400,United Arab Emirates,AE,cancel Netflix,0
"Apr 16 – 22, 2023",1681603200,United Arab Emirates,AE,cancel Netflix,100
"Apr 23 – 29, 2023",1682208000,United Arab Emirates,AE,cancel Netflix,0
"Apr 30 – May 6, 2023",1682812800,United Arab Emirates,AE,cancel Netflix,0
"May 7 – 13, 2023",1683417600,United Arab Emirates,AE,cancel Netflix,0
"May 14 – 20, 2023",1684022400,United Arab Emirates,AE,cancel Netflix,0
"May 21 – 27, 2023",1684627200,United Arab Emirates,AE,cancel Netflix,0
"May 28 – Jun 3, 2023",1685232000,United Arab Emirates,AE,cancel Netflix,0
"Jun 4 – 10, 2023",1685836800,United Arab Emirates,AE,cancel Netflix,0
"Jun 11 – 17, 2023",1686441600,United Arab Emirates,AE,cancel Netflix,0
"Jun 18 – 24, 2023",1687046400,United Arab Emirates,AE,cancel Netflix,0
"Jun 25 – Jul 1, 2023",1687651200,United Arab Emirates,AE,cancel Netflix,0
"Jul 2 – 8, 2023",1688256000,United Arab Emirates,AE,cancel Netflix,0
"Jul 9 – 15, 2023",1688860800,United Arab Emirates,AE,cancel Netflix,0
"Jul 16 – 22, 2023",1689465600,United Arab Emirates,AE,cancel Netflix,0
"Jul 23 – 29, 2023",1690070400,United Arab Emirates,AE,cancel Netflix,0
"Jul 30 – Aug 5, 2023",1690675200,United Arab Emirates,AE,cancel Netflix,0
"Aug 6 – 12, 2023",1691280000,United Arab Emirates,AE,cancel Netflix,0
"Aug 13 – 19, 2023",1691884800,United Arab Emirates,AE,cancel Netflix,0
"Aug 20 – 26, 2023",1692489600,United Arab Emirates,AE,cancel Netflix,0
"Aug 27 – Sep 2, 2023",1693094400,United Arab Emirates,AE,cancel Netflix,0
"Sep 3 – 9, 2023",1693699200,United Arab Emirates,AE,cancel Netflix,0
"Sep 10 – 16, 2023",1694304000,United Arab Emirates,AE,cancel Netflix,0
"Sep 17 – 23, 2023",1694908800,United Arab Emirates,AE,cancel Netflix,0
"Sep 24 – 30, 2023",1695513600,United Arab Emirates,AE,cancel Netflix,0
"Oct 1 – 7, 2023",1696118400,United Arab Emirates,AE,cancel Netflix,0
"Oct 8 – 14, 2023",1696723200,United Arab Emirates,AE,cancel Netflix,0
"Oct 15 – 21, 2023",1697328000,United Arab Emirates,AE,cancel Netflix,0
"Oct 22 – 28, 2023",1697932800,United Arab Emirates,AE,cancel Netflix,0
"Oct 29 – Nov 4, 2023",1698537600,United Arab Emirates,AE,cancel Netflix,0
"Nov 5 – 11, 2023",1699142400,United Arab Emirates,AE,cancel Netflix,0
"Nov 12 – 18, 2023",1699747200,United Arab Emirates,AE,cancel Netflix,0
"Nov 19 – 25, 2023",1700352000,United Arab Emirates,AE,cancel Netflix,0
"Nov 26 – Dec 2, 2023",1700956800,United Arab Emirates,AE,cancel Netflix,0
"Dec 3 – 9, 2023",1701561600,United Arab Emirates,AE,cancel Netflix,0
"Dec 10 – 16, 2023",1702166400,United Arab Emirates,AE,cancel Netflix,0
"Dec 17 – 23, 2023",1702771200,United Arab Emirates,AE,cancel Netflix,0
"Dec 24 – 30, 2023",1703376000,United Arab Emirates,AE,cancel Netflix,0
"Dec 31, 2023 – Jan 6, 2024",1703980800,United Arab Emirates,AE,cancel Netflix,0
